study_accession,sample_accession,secondary_sample_accession,experiment_accession,run_accession,scientific_name,instrument_model,library_layout,sample_alias
PRJEB28687,SAMEA4970463,ERS2788677,ERX2843217,ERR2836366,Homo sapiens,Illumina MiSeq,PAIRED,CS.001
PRJEB28687,SAMEA4970462,ERS2788676,ERX2843218,ERR2836367,Homo sapiens,Illumina MiSeq,PAIRED,CS.002
PRJEB28687,SAMEA4970461,ERS2788675,ERX2843219,ERR2836368,Homo sapiens,Illumina MiSeq,PAIRED,CS.003
PRJEB28687,SAMEA4970460,ERS2788674,ERX2843220,ERR2836369,Homo sapiens,Illumina MiSeq,PAIRED,CS.004
PRJEB28687,SAMEA4970459,ERS2788673,ERX2843221,ERR2836370,Homo sapiens,Illumina MiSeq,PAIRED,CS.005
PRJEB28687,SAMEA4970458,ERS2788672,ERX2843222,ERR2836371,Homo sapiens,Illumina MiSeq,PAIRED,CS.006
PRJEB28687,SAMEA4970457,ERS2788671,ERX2843223,ERR2836372,Homo sapiens,Illumina MiSeq,PAIRED,CS.007
PRJEB28687,SAMEA4970456,ERS2788670,ERX2843224,ERR2836373,Homo sapiens,Illumina MiSeq,PAIRED,CS.008
PRJEB28687,SAMEA4970455,ERS2788669,ERX2843225,ERR2836374,Homo sapiens,Illumina MiSeq,PAIRED,CS.009
PRJEB28687,SAMEA4970454,ERS2788668,ERX2843226,ERR2836375,Homo sapiens,Illumina MiSeq,PAIRED,CS.010
PRJEB28687,SAMEA4970453,ERS2788667,ERX2843227,ERR2836376,Homo sapiens,Illumina MiSeq,PAIRED,CS.011
PRJEB28687,SAMEA4970452,ERS2788666,ERX2843228,ERR2836377,Homo sapiens,Illumina MiSeq,PAIRED,CS.012
PRJEB28687,SAMEA4970451,ERS2788665,ERX2843229,ERR2836378,Homo sapiens,Illumina MiSeq,PAIRED,CS.013
PRJEB28687,SAMEA4970450,ERS2788664,ERX2843230,ERR2836379,Homo sapiens,Illumina MiSeq,PAIRED,CS.014
PRJEB28687,SAMEA4970449,ERS2788663,ERX2843231,ERR2836380,Homo sapiens,Illumina MiSeq,PAIRED,CS.015
PRJEB28687,SAMEA4970448,ERS2788662,ERX2843232,ERR2836381,Homo sapiens,Illumina MiSeq,PAIRED,CS.016
PRJEB28687,SAMEA4970447,ERS2788661,ERX2843233,ERR2836382,Homo sapiens,Illumina MiSeq,PAIRED,CS.017
PRJEB28687,SAMEA4970446,ERS2788660,ERX2843234,ERR2836383,Homo sapiens,Illumina MiSeq,PAIRED,CS.018
PRJEB28687,SAMEA4970445,ERS2788659,ERX2843235,ERR2836384,Homo sapiens,Illumina MiSeq,PAIRED,CS.019
PRJEB28687,SAMEA4970444,ERS2788658,ERX2843236,ERR2836385,Homo sapiens,Illumina MiSeq,PAIRED,CS.020
PRJEB28687,SAMEA4970443,ERS2788657,ERX2843237,ERR2836386,Homo sapiens,Illumina MiSeq,PAIRED,CS.021
PRJEB28687,SAMEA4970442,ERS2788656,ERX2843238,ERR2836387,Homo sapiens,Illumina MiSeq,PAIRED,CS.022
PRJEB28687,SAMEA4970441,ERS2788655,ERX2843239,ERR2836388,Homo sapiens,Illumina MiSeq,PAIRED,CS.023
PRJEB28687,SAMEA4970440,ERS2788654,ERX2843240,ERR2836389,Homo sapiens,Illumina MiSeq,PAIRED,CS.024
PRJEB28687,SAMEA4970439,ERS2788653,ERX2843241,ERR2836390,Homo sapiens,Illumina MiSeq,PAIRED,CS.025
PRJEB28687,SAMEA4970438,ERS2788652,ERX2843242,ERR2836391,Homo sapiens,Illumina MiSeq,PAIRED,CS.026
PRJEB28687,SAMEA4970437,ERS2788651,ERX2843243,ERR2836392,Homo sapiens,Illumina MiSeq,PAIRED,CS.027
PRJEB28687,SAMEA4970436,ERS2788650,ERX2843244,ERR2836393,Homo sapiens,Illumina MiSeq,PAIRED,CS.028
PRJEB28687,SAMEA4970435,ERS2788649,ERX2843245,ERR2836394,Homo sapiens,Illumina MiSeq,PAIRED,CS.029
PRJEB28687,SAMEA4970434,ERS2788648,ERX2843246,ERR2836395,Homo sapiens,Illumina MiSeq,PAIRED,CS.030
PRJEB28687,SAMEA4970433,ERS2788647,ERX2843247,ERR2836396,Homo sapiens,Illumina MiSeq,PAIRED,CS.031
PRJEB28687,SAMEA4970432,ERS2788646,ERX2843248,ERR2836397,Homo sapiens,Illumina MiSeq,PAIRED,CS.032
PRJEB28687,SAMEA4970431,ERS2788645,ERX2843249,ERR2836398,Homo sapiens,Illumina MiSeq,PAIRED,CS.033
PRJEB28687,SAMEA4970430,ERS2788644,ERX2843250,ERR2836399,Homo sapiens,Illumina MiSeq,PAIRED,CS.035
PRJEB28687,SAMEA4970429,ERS2788643,ERX2843251,ERR2836400,Homo sapiens,Illumina MiSeq,PAIRED,CS.036
PRJEB28687,SAMEA4970428,ERS2788642,ERX2843252,ERR2836401,Homo sapiens,Illumina MiSeq,PAIRED,CS.037
PRJEB28687,SAMEA4970427,ERS2788641,ERX2843253,ERR2836402,Homo sapiens,Illumina MiSeq,PAIRED,CS.038
PRJEB28687,SAMEA4970426,ERS2788640,ERX2843254,ERR2836403,Homo sapiens,Illumina MiSeq,PAIRED,CS.039
PRJEB28687,SAMEA4970425,ERS2788639,ERX2843255,ERR2836404,Homo sapiens,Illumina MiSeq,PAIRED,CS.040
PRJEB28687,SAMEA4970424,ERS2788638,ERX2843256,ERR2836405,Homo sapiens,Illumina MiSeq,PAIRED,CS.041
PRJEB28687,SAMEA4970423,ERS2788637,ERX2843257,ERR2836406,Homo sapiens,Illumina MiSeq,PAIRED,CS.042
PRJEB28687,SAMEA4970422,ERS2788636,ERX2843258,ERR2836407,Homo sapiens,Illumina MiSeq,PAIRED,CS.043
PRJEB28687,SAMEA4970421,ERS2788635,ERX2843259,ERR2836408,Homo sapiens,Illumina MiSeq,PAIRED,CS.044
PRJEB28687,SAMEA4970420,ERS2788634,ERX2843260,ERR2836409,Homo sapiens,Illumina MiSeq,PAIRED,CS.045
PRJEB28687,SAMEA4970419,ERS2788633,ERX2843261,ERR2836410,Homo sapiens,Illumina MiSeq,PAIRED,CS.046
PRJEB28687,SAMEA4970418,ERS2788632,ERX2843262,ERR2836411,Homo sapiens,Illumina MiSeq,PAIRED,CS.047
PRJEB28687,SAMEA4970417,ERS2788631,ERX2843263,ERR2836412,Homo sapiens,Illumina MiSeq,PAIRED,CS.049
PRJEB28687,SAMEA4970416,ERS2788630,ERX2843264,ERR2836413,Homo sapiens,Illumina MiSeq,PAIRED,CS.050
PRJEB28687,SAMEA4970415,ERS2788629,ERX2843265,ERR2836414,Homo sapiens,Illumina MiSeq,PAIRED,CS.051
PRJEB28687,SAMEA4970414,ERS2788628,ERX2843266,ERR2836415,Homo sapiens,Illumina MiSeq,PAIRED,CS.052
PRJEB28687,SAMEA4970413,ERS2788627,ERX2843267,ERR2836416,Homo sapiens,Illumina MiSeq,PAIRED,CS.053
PRJEB28687,SAMEA4970412,ERS2788626,ERX2843268,ERR2836417,Homo sapiens,Illumina MiSeq,PAIRED,CS.055
PRJEB28687,SAMEA4970411,ERS2788625,ERX2843269,ERR2836418,Homo sapiens,Illumina MiSeq,PAIRED,CS.056
PRJEB28687,SAMEA4970410,ERS2788624,ERX2843270,ERR2836419,Homo sapiens,Illumina MiSeq,PAIRED,CS.057
PRJEB28687,SAMEA4970409,ERS2788623,ERX2843271,ERR2836420,Homo sapiens,Illumina MiSeq,PAIRED,CS.058
PRJEB28687,SAMEA4970408,ERS2788622,ERX2843272,ERR2836421,Homo sapiens,Illumina MiSeq,PAIRED,CS.059
PRJEB28687,SAMEA4970407,ERS2788621,ERX2843273,ERR2836422,Homo sapiens,Illumina MiSeq,PAIRED,CS.060
PRJEB28687,SAMEA4970406,ERS2788620,ERX2843274,ERR2836423,Homo sapiens,Illumina MiSeq,PAIRED,CS.061
PRJEB28687,SAMEA4970405,ERS2788619,ERX2843275,ERR2836424,Homo sapiens,Illumina MiSeq,PAIRED,CS.062
PRJEB28687,SAMEA4970404,ERS2788618,ERX2843276,ERR2836425,Homo sapiens,Illumina MiSeq,PAIRED,CS.063
PRJEB28687,SAMEA4970403,ERS2788617,ERX2843277,ERR2836426,Homo sapiens,Illumina MiSeq,PAIRED,CS.064
PRJEB28687,SAMEA4970402,ERS2788616,ERX2843278,ERR2836427,Homo sapiens,Illumina MiSeq,PAIRED,CS.065
PRJEB28687,SAMEA4970401,ERS2788615,ERX2843279,ERR2836428,Homo sapiens,Illumina MiSeq,PAIRED,CS.066
PRJEB28687,SAMEA4970400,ERS2788614,ERX2843280,ERR2836429,Homo sapiens,Illumina MiSeq,PAIRED,CS.067
PRJEB28687,SAMEA4970399,ERS2788613,ERX2843281,ERR2836430,Homo sapiens,Illumina MiSeq,PAIRED,CS.068
PRJEB28687,SAMEA4970398,ERS2788612,ERX2843282,ERR2836431,Homo sapiens,Illumina MiSeq,PAIRED,CS.070
PRJEB28687,SAMEA4970397,ERS2788611,ERX2843283,ERR2836432,Homo sapiens,Illumina MiSeq,PAIRED,CS.071
PRJEB28687,SAMEA4970396,ERS2788610,ERX2843284,ERR2836433,Homo sapiens,Illumina MiSeq,PAIRED,CS.072
PRJEB28687,SAMEA4970395,ERS2788609,ERX2843285,ERR2836434,Homo sapiens,Illumina MiSeq,PAIRED,CS.073
PRJEB28687,SAMEA4970394,ERS2788608,ERX2843286,ERR2836435,Homo sapiens,Illumina MiSeq,PAIRED,CS.074
PRJEB28687,SAMEA4970393,ERS2788607,ERX2843287,ERR2836436,Homo sapiens,Illumina MiSeq,PAIRED,CS.075
PRJEB28687,SAMEA4970392,ERS2788606,ERX2843288,ERR2836437,Homo sapiens,Illumina MiSeq,PAIRED,CS.076
PRJEB28687,SAMEA4970391,ERS2788605,ERX2843289,ERR2836438,Homo sapiens,Illumina MiSeq,PAIRED,CS.077
PRJEB28687,SAMEA4970390,ERS2788604,ERX2843290,ERR2836439,Homo sapiens,Illumina MiSeq,PAIRED,CS.078
PRJEB28687,SAMEA4970389,ERS2788603,ERX2843291,ERR2836440,Homo sapiens,Illumina MiSeq,PAIRED,CS.079
PRJEB28687,SAMEA4970388,ERS2788602,ERX2843292,ERR2836441,Homo sapiens,Illumina MiSeq,PAIRED,CS.080
PRJEB28687,SAMEA4970387,ERS2788601,ERX2843293,ERR2836442,Homo sapiens,Illumina MiSeq,PAIRED,CS.082
PRJEB28687,SAMEA4970386,ERS2788600,ERX2843294,ERR2836443,Homo sapiens,Illumina MiSeq,PAIRED,CS.083
PRJEB28687,SAMEA4970385,ERS2788599,ERX2843295,ERR2836444,Homo sapiens,Illumina MiSeq,PAIRED,CS.084
PRJEB28687,SAMEA4970384,ERS2788598,ERX2843296,ERR2836445,Homo sapiens,Illumina MiSeq,PAIRED,CS.085
PRJEB28687,SAMEA4970383,ERS2788597,ERX2843297,ERR2836446,Homo sapiens,Illumina MiSeq,PAIRED,CS.086
PRJEB28687,SAMEA4970382,ERS2788596,ERX2843298,ERR2836447,Homo sapiens,Illumina MiSeq,PAIRED,CS.087
PRJEB28687,SAMEA4970381,ERS2788595,ERX2843299,ERR2836448,Homo sapiens,Illumina MiSeq,PAIRED,CS.088
PRJEB28687,SAMEA4970380,ERS2788594,ERX2843300,ERR2836449,Homo sapiens,Illumina MiSeq,PAIRED,CS.089
PRJEB28687,SAMEA4970379,ERS2788593,ERX2843301,ERR2836450,Homo sapiens,Illumina MiSeq,PAIRED,CS.090
PRJEB28687,SAMEA4970378,ERS2788592,ERX2843302,ERR2836451,Homo sapiens,Illumina MiSeq,PAIRED,CS.091
PRJEB28687,SAMEA4970377,ERS2788591,ERX2843303,ERR2836452,Homo sapiens,Illumina MiSeq,PAIRED,CS.092
PRJEB28687,SAMEA4970376,ERS2788590,ERX2843304,ERR2836453,Homo sapiens,Illumina MiSeq,PAIRED,CS.093
PRJEB28687,SAMEA4970375,ERS2788589,ERX2843305,ERR2836454,Homo sapiens,Illumina MiSeq,PAIRED,CS.094
PRJEB28687,SAMEA4970374,ERS2788588,ERX2843306,ERR2836455,Homo sapiens,Illumina MiSeq,PAIRED,CS.095
PRJEB28687,SAMEA4970373,ERS2788587,ERX2843307,ERR2836456,Homo sapiens,Illumina MiSeq,PAIRED,CS.096
PRJEB28687,SAMEA4970372,ERS2788586,ERX2843308,ERR2836457,Homo sapiens,Illumina MiSeq,PAIRED,CS.097
PRJEB28687,SAMEA4970371,ERS2788585,ERX2843309,ERR2836458,Homo sapiens,Illumina MiSeq,PAIRED,CS.098
PRJEB28687,SAMEA4970370,ERS2788584,ERX2843310,ERR2836459,Homo sapiens,Illumina MiSeq,PAIRED,CS.099
PRJEB28687,SAMEA4970369,ERS2788583,ERX2843311,ERR2836460,Homo sapiens,Illumina MiSeq,PAIRED,CS.101
PRJEB28687,SAMEA4970368,ERS2788582,ERX2843312,ERR2836461,Homo sapiens,Illumina MiSeq,PAIRED,CS.102
PRJEB28687,SAMEA4970367,ERS2788581,ERX2843313,ERR2836462,Homo sapiens,Illumina MiSeq,PAIRED,CS.103
PRJEB28687,SAMEA4970366,ERS2788580,ERX2843314,ERR2836463,Homo sapiens,Illumina MiSeq,PAIRED,CS.104
PRJEB28687,SAMEA4970365,ERS2788579,ERX2843315,ERR2836464,Homo sapiens,Illumina MiSeq,PAIRED,CS.105
PRJEB28687,SAMEA4970364,ERS2788578,ERX2843316,ERR2836465,Homo sapiens,Illumina MiSeq,PAIRED,CS.106
PRJEB28687,SAMEA4970363,ERS2788577,ERX2843317,ERR2836466,Homo sapiens,Illumina MiSeq,PAIRED,CS.108
PRJEB28687,SAMEA4970362,ERS2788576,ERX2843318,ERR2836467,Homo sapiens,Illumina MiSeq,PAIRED,CS.109
PRJEB28687,SAMEA4970361,ERS2788575,ERX2843319,ERR2836468,Homo sapiens,Illumina MiSeq,PAIRED,CS.110
PRJEB28687,SAMEA4970360,ERS2788574,ERX2843320,ERR2836469,Homo sapiens,Illumina MiSeq,PAIRED,CS.111
PRJEB28687,SAMEA4970359,ERS2788573,ERX2843321,ERR2836470,Homo sapiens,Illumina MiSeq,PAIRED,CS.112
PRJEB28687,SAMEA4970358,ERS2788572,ERX2843322,ERR2836471,Homo sapiens,Illumina MiSeq,PAIRED,CS.113
PRJEB28687,SAMEA4970357,ERS2788571,ERX2843323,ERR2836472,Homo sapiens,Illumina MiSeq,PAIRED,CS.114
PRJEB28687,SAMEA4970356,ERS2788570,ERX2843324,ERR2836473,Homo sapiens,Illumina MiSeq,PAIRED,CS.115
PRJEB28687,SAMEA4969829,ERS2788044,ERX2843325,ERR2836474,Homo sapiens,Illumina MiSeq,PAIRED,CS.116
PRJEB28687,SAMEA4970355,ERS2788569,ERX2843326,ERR2836475,Homo sapiens,Illumina MiSeq,PAIRED,CS.117
PRJEB28687,SAMEA4970354,ERS2788568,ERX2843327,ERR2836476,Homo sapiens,Illumina MiSeq,PAIRED,CS.118
PRJEB28687,SAMEA4970353,ERS2788567,ERX2843328,ERR2836477,Homo sapiens,Illumina MiSeq,PAIRED,CS.119
PRJEB28687,SAMEA4970352,ERS2788566,ERX2843329,ERR2836478,Homo sapiens,Illumina MiSeq,PAIRED,CS.120
PRJEB28687,SAMEA4970351,ERS2788565,ERX2843330,ERR2836479,Homo sapiens,Illumina MiSeq,PAIRED,CS.122
PRJEB28687,SAMEA4970350,ERS2788564,ERX2843331,ERR2836480,Homo sapiens,Illumina MiSeq,PAIRED,CS.123
PRJEB28687,SAMEA4970349,ERS2788563,ERX2843332,ERR2836481,Homo sapiens,Illumina MiSeq,PAIRED,CS.124
PRJEB28687,SAMEA4969828,ERS2788043,ERX2843333,ERR2836482,Homo sapiens,Illumina MiSeq,PAIRED,CS.125
PRJEB28687,SAMEA4969827,ERS2788042,ERX2843334,ERR2836483,Homo sapiens,Illumina MiSeq,PAIRED,CS.126
PRJEB28687,SAMEA4969826,ERS2788041,ERX2843335,ERR2836484,Homo sapiens,Illumina MiSeq,PAIRED,CS.127
PRJEB28687,SAMEA4969825,ERS2788040,ERX2843336,ERR2836485,Homo sapiens,Illumina MiSeq,PAIRED,CS.128
PRJEB28687,SAMEA4969824,ERS2788039,ERX2843337,ERR2836486,Homo sapiens,Illumina MiSeq,PAIRED,CS.129
PRJEB28687,SAMEA4970348,ERS2788562,ERX2843338,ERR2836487,Homo sapiens,Illumina MiSeq,PAIRED,CS.130
PRJEB28687,SAMEA4970347,ERS2788561,ERX2843339,ERR2836488,Homo sapiens,Illumina MiSeq,PAIRED,CS.131
PRJEB28687,SAMEA4970346,ERS2788560,ERX2843340,ERR2836489,Homo sapiens,Illumina MiSeq,PAIRED,CS.132
PRJEB28687,SAMEA4970345,ERS2788559,ERX2843341,ERR2836490,Homo sapiens,Illumina MiSeq,PAIRED,CS.133
PRJEB28687,SAMEA4970344,ERS2788558,ERX2843342,ERR2836491,Homo sapiens,Illumina MiSeq,PAIRED,CS.135
PRJEB28687,SAMEA4970343,ERS2788557,ERX2843343,ERR2836492,Homo sapiens,Illumina MiSeq,PAIRED,CS.136
PRJEB28687,SAMEA4970124,ERS2788338,ERX2843344,ERR2836493,Homo sapiens,Illumina MiSeq,PAIRED,CS.137
PRJEB28687,SAMEA4970287,ERS2788501,ERX2843345,ERR2836494,Homo sapiens,Illumina MiSeq,PAIRED,CS.138
PRJEB28687,SAMEA4970286,ERS2788500,ERX2843346,ERR2836495,Homo sapiens,Illumina MiSeq,PAIRED,CS.139
PRJEB28687,SAMEA4970285,ERS2788499,ERX2843347,ERR2836496,Homo sapiens,Illumina MiSeq,PAIRED,CS.140
PRJEB28687,SAMEA4970284,ERS2788498,ERX2843348,ERR2836497,Homo sapiens,Illumina MiSeq,PAIRED,CS.141
PRJEB28687,SAMEA4970283,ERS2788497,ERX2843349,ERR2836498,Homo sapiens,Illumina MiSeq,PAIRED,CS.142
PRJEB28687,SAMEA4970342,ERS2788556,ERX2843350,ERR2836499,Homo sapiens,Illumina MiSeq,PAIRED,CS.143
PRJEB28687,SAMEA4969823,ERS2788038,ERX2843351,ERR2836500,Homo sapiens,Illumina MiSeq,PAIRED,CS.145
PRJEB28687,SAMEA4969822,ERS2788037,ERX2843352,ERR2836501,Homo sapiens,Illumina MiSeq,PAIRED,CS.146
PRJEB28687,SAMEA4969821,ERS2788036,ERX2843353,ERR2836502,Homo sapiens,Illumina MiSeq,PAIRED,CS.147
PRJEB28687,SAMEA4969820,ERS2788035,ERX2843354,ERR2836503,Homo sapiens,Illumina MiSeq,PAIRED,CS.148
PRJEB28687,SAMEA4969819,ERS2788034,ERX2843355,ERR2836504,Homo sapiens,Illumina MiSeq,PAIRED,CS.149
PRJEB28687,SAMEA4969818,ERS2788033,ERX2843356,ERR2836505,Homo sapiens,Illumina MiSeq,PAIRED,CS.150
PRJEB28687,SAMEA4970282,ERS2788496,ERX2843357,ERR2836506,Homo sapiens,Illumina MiSeq,PAIRED,CS.151
PRJEB28687,SAMEA4969817,ERS2788032,ERX2843358,ERR2836507,Homo sapiens,Illumina MiSeq,PAIRED,CS.152
PRJEB28687,SAMEA4970341,ERS2788555,ERX2843359,ERR2836508,Homo sapiens,Illumina MiSeq,PAIRED,CS.153
PRJEB28687,SAMEA4970340,ERS2788554,ERX2843360,ERR2836509,Homo sapiens,Illumina MiSeq,PAIRED,CS.154
PRJEB28687,SAMEA4970281,ERS2788495,ERX2843361,ERR2836510,Homo sapiens,Illumina MiSeq,PAIRED,CS.155
PRJEB28687,SAMEA4970339,ERS2788553,ERX2843362,ERR2836511,Homo sapiens,Illumina MiSeq,PAIRED,CS.156
PRJEB28687,SAMEA4970338,ERS2788552,ERX2843363,ERR2836512,Homo sapiens,Illumina MiSeq,PAIRED,CS.157
PRJEB28687,SAMEA4970337,ERS2788551,ERX2843364,ERR2836513,Homo sapiens,Illumina MiSeq,PAIRED,CS.158
PRJEB28687,SAMEA4970280,ERS2788494,ERX2843365,ERR2836514,Homo sapiens,Illumina MiSeq,PAIRED,CS.159
PRJEB28687,SAMEA4970336,ERS2788550,ERX2843366,ERR2836515,Homo sapiens,Illumina MiSeq,PAIRED,CS.160
PRJEB28687,SAMEA4970335,ERS2788549,ERX2843367,ERR2836516,Homo sapiens,Illumina MiSeq,PAIRED,CS.161
PRJEB28687,SAMEA4970334,ERS2788548,ERX2843368,ERR2836517,Homo sapiens,Illumina MiSeq,PAIRED,CS.163
PRJEB28687,SAMEA4970333,ERS2788547,ERX2843369,ERR2836518,Homo sapiens,Illumina MiSeq,PAIRED,CS.164
PRJEB28687,SAMEA4970332,ERS2788546,ERX2843370,ERR2836519,Homo sapiens,Illumina MiSeq,PAIRED,CS.165
PRJEB28687,SAMEA4969816,ERS2788031,ERX2843371,ERR2836520,Homo sapiens,Illumina MiSeq,PAIRED,CS.166
PRJEB28687,SAMEA4970331,ERS2788545,ERX2843372,ERR2836521,Homo sapiens,Illumina MiSeq,PAIRED,CS.167
PRJEB28687,SAMEA4970330,ERS2788544,ERX2843373,ERR2836522,Homo sapiens,Illumina MiSeq,PAIRED,CS.168
PRJEB28687,SAMEA4970329,ERS2788543,ERX2843374,ERR2836523,Homo sapiens,Illumina MiSeq,PAIRED,CS.169
PRJEB28687,SAMEA4970328,ERS2788542,ERX2843375,ERR2836524,Homo sapiens,Illumina MiSeq,PAIRED,CS.170
PRJEB28687,SAMEA4970327,ERS2788541,ERX2843376,ERR2836525,Homo sapiens,Illumina MiSeq,PAIRED,CS.171
PRJEB28687,SAMEA4970326,ERS2788540,ERX2843377,ERR2836526,Homo sapiens,Illumina MiSeq,PAIRED,CS.172
PRJEB28687,SAMEA4970325,ERS2788539,ERX2843378,ERR2836527,Homo sapiens,Illumina MiSeq,PAIRED,CS.173
PRJEB28687,SAMEA4970279,ERS2788493,ERX2843379,ERR2836528,Homo sapiens,Illumina MiSeq,PAIRED,CS.174
PRJEB28687,SAMEA4970324,ERS2788538,ERX2843380,ERR2836529,Homo sapiens,Illumina MiSeq,PAIRED,CS.175
PRJEB28687,SAMEA4970323,ERS2788537,ERX2843381,ERR2836530,Homo sapiens,Illumina MiSeq,PAIRED,CS.176
PRJEB28687,SAMEA4970122,ERS2788336,ERX2843382,ERR2836531,Homo sapiens,Illumina MiSeq,PAIRED,CS.177
PRJEB28687,SAMEA4970121,ERS2788335,ERX2843383,ERR2836532,Homo sapiens,Illumina MiSeq,PAIRED,CS.178
PRJEB28687,SAMEA4970120,ERS2788334,ERX2843384,ERR2836533,Homo sapiens,Illumina MiSeq,PAIRED,CS.181
PRJEB28687,SAMEA4970119,ERS2788333,ERX2843385,ERR2836534,Homo sapiens,Illumina MiSeq,PAIRED,CS.182
PRJEB28687,SAMEA4970118,ERS2788332,ERX2843386,ERR2836535,Homo sapiens,Illumina MiSeq,PAIRED,CS.183
PRJEB28687,SAMEA4970117,ERS2788331,ERX2843387,ERR2836536,Homo sapiens,Illumina MiSeq,PAIRED,CS.184
PRJEB28687,SAMEA4970116,ERS2788330,ERX2843388,ERR2836537,Homo sapiens,Illumina MiSeq,PAIRED,CS.186
PRJEB28687,SAMEA4970115,ERS2788329,ERX2843389,ERR2836538,Homo sapiens,Illumina MiSeq,PAIRED,CS.187
PRJEB28687,SAMEA4970278,ERS2788492,ERX2843390,ERR2836539,Homo sapiens,Illumina MiSeq,PAIRED,CS.188
PRJEB28687,SAMEA4970114,ERS2788328,ERX2843391,ERR2836540,Homo sapiens,Illumina MiSeq,PAIRED,CS.189
PRJEB28687,SAMEA4970277,ERS2788491,ERX2843392,ERR2836541,Homo sapiens,Illumina MiSeq,PAIRED,CS.190
PRJEB28687,SAMEA4970276,ERS2788490,ERX2843393,ERR2836542,Homo sapiens,Illumina MiSeq,PAIRED,CS.191
PRJEB28687,SAMEA4970275,ERS2788489,ERX2843394,ERR2836543,Homo sapiens,Illumina MiSeq,PAIRED,CS.193
PRJEB28687,SAMEA4970274,ERS2788488,ERX2843395,ERR2836544,Homo sapiens,Illumina MiSeq,PAIRED,CS.194
PRJEB28687,SAMEA4970113,ERS2788327,ERX2843396,ERR2836545,Homo sapiens,Illumina MiSeq,PAIRED,CS.195
PRJEB28687,SAMEA4970273,ERS2788487,ERX2843397,ERR2836546,Homo sapiens,Illumina MiSeq,PAIRED,CS.196
PRJEB28687,SAMEA4970272,ERS2788486,ERX2843398,ERR2836547,Homo sapiens,Illumina MiSeq,PAIRED,CS.198
PRJEB28687,SAMEA4970322,ERS2788536,ERX2843399,ERR2836548,Homo sapiens,Illumina MiSeq,PAIRED,CS.199
PRJEB28687,SAMEA4970321,ERS2788535,ERX2843400,ERR2836549,Homo sapiens,Illumina MiSeq,PAIRED,CS.200
PRJEB28687,SAMEA4970112,ERS2788326,ERX2843401,ERR2836550,Homo sapiens,Illumina MiSeq,PAIRED,CS.202
PRJEB28687,SAMEA4970271,ERS2788485,ERX2843402,ERR2836551,Homo sapiens,Illumina MiSeq,PAIRED,CS.203
PRJEB28687,SAMEA4970111,ERS2788325,ERX2843403,ERR2836552,Homo sapiens,Illumina MiSeq,PAIRED,CS.204
PRJEB28687,SAMEA4970270,ERS2788484,ERX2843404,ERR2836553,Homo sapiens,Illumina MiSeq,PAIRED,CS.205
PRJEB28687,SAMEA4970110,ERS2788324,ERX2843405,ERR2836554,Homo sapiens,Illumina MiSeq,PAIRED,CS.206
PRJEB28687,SAMEA4970109,ERS2788323,ERX2843406,ERR2836555,Homo sapiens,Illumina MiSeq,PAIRED,CS.207
PRJEB28687,SAMEA4970108,ERS2788322,ERX2843407,ERR2836556,Homo sapiens,Illumina MiSeq,PAIRED,CS.208
PRJEB28687,SAMEA4970107,ERS2788321,ERX2843408,ERR2836557,Homo sapiens,Illumina MiSeq,PAIRED,CS.210
PRJEB28687,SAMEA4970106,ERS2788320,ERX2843409,ERR2836558,Homo sapiens,Illumina MiSeq,PAIRED,CS.212
PRJEB28687,SAMEA4970269,ERS2788483,ERX2843410,ERR2836559,Homo sapiens,Illumina MiSeq,PAIRED,CS.213
PRJEB28687,SAMEA4970105,ERS2788319,ERX2843411,ERR2836560,Homo sapiens,Illumina MiSeq,PAIRED,CS.214
PRJEB28687,SAMEA4970104,ERS2788318,ERX2843412,ERR2836561,Homo sapiens,Illumina MiSeq,PAIRED,CS.215
PRJEB28687,SAMEA4970103,ERS2788317,ERX2843413,ERR2836562,Homo sapiens,Illumina MiSeq,PAIRED,CS.216
PRJEB28687,SAMEA4970320,ERS2788534,ERX2843414,ERR2836563,Homo sapiens,Illumina MiSeq,PAIRED,CS.217
PRJEB28687,SAMEA4970319,ERS2788533,ERX2843415,ERR2836564,Homo sapiens,Illumina MiSeq,PAIRED,CS.218
PRJEB28687,SAMEA4970318,ERS2788532,ERX2843416,ERR2836565,Homo sapiens,Illumina MiSeq,PAIRED,CS.219
PRJEB28687,SAMEA4970317,ERS2788531,ERX2843417,ERR2836566,Homo sapiens,Illumina MiSeq,PAIRED,CS.220
PRJEB28687,SAMEA4970268,ERS2788482,ERX2843418,ERR2836567,Homo sapiens,Illumina MiSeq,PAIRED,CS.222
PRJEB28687,SAMEA4970102,ERS2788316,ERX2843419,ERR2836568,Homo sapiens,Illumina MiSeq,PAIRED,CS.223
PRJEB28687,SAMEA4970267,ERS2788481,ERX2843420,ERR2836569,Homo sapiens,Illumina MiSeq,PAIRED,CS.224
PRJEB28687,SAMEA4970316,ERS2788530,ERX2843421,ERR2836570,Homo sapiens,Illumina MiSeq,PAIRED,CS.227
PRJEB28687,SAMEA4970315,ERS2788529,ERX2843422,ERR2836571,Homo sapiens,Illumina MiSeq,PAIRED,CS.228
PRJEB28687,SAMEA4970314,ERS2788528,ERX2843423,ERR2836572,Homo sapiens,Illumina MiSeq,PAIRED,CS.229
PRJEB28687,SAMEA4970266,ERS2788480,ERX2843424,ERR2836573,Homo sapiens,Illumina MiSeq,PAIRED,CS.230
PRJEB28687,SAMEA4970313,ERS2788527,ERX2843425,ERR2836574,Homo sapiens,Illumina MiSeq,PAIRED,CS.231
PRJEB28687,SAMEA4970312,ERS2788526,ERX2843426,ERR2836575,Homo sapiens,Illumina MiSeq,PAIRED,CS.232
PRJEB28687,SAMEA4970311,ERS2788525,ERX2843427,ERR2836576,Homo sapiens,Illumina MiSeq,PAIRED,CS.233
PRJEB28687,SAMEA4970101,ERS2788315,ERX2843428,ERR2836577,Homo sapiens,Illumina MiSeq,PAIRED,CS.234
PRJEB28687,SAMEA4970310,ERS2788524,ERX2843429,ERR2836578,Homo sapiens,Illumina MiSeq,PAIRED,CS.235
PRJEB28687,SAMEA4970309,ERS2788523,ERX2843430,ERR2836579,Homo sapiens,Illumina MiSeq,PAIRED,CS.236
PRJEB28687,SAMEA4970308,ERS2788522,ERX2843431,ERR2836580,Homo sapiens,Illumina MiSeq,PAIRED,CS.237
PRJEB28687,SAMEA4970307,ERS2788521,ERX2843432,ERR2836581,Homo sapiens,Illumina MiSeq,PAIRED,CS.238
PRJEB28687,SAMEA4970306,ERS2788520,ERX2843433,ERR2836582,Homo sapiens,Illumina MiSeq,PAIRED,CS.239
PRJEB28687,SAMEA4970305,ERS2788519,ERX2843434,ERR2836583,Homo sapiens,Illumina MiSeq,PAIRED,CS.240
PRJEB28687,SAMEA4970304,ERS2788518,ERX2843435,ERR2836584,Homo sapiens,Illumina MiSeq,PAIRED,CS.241
PRJEB28687,SAMEA4970100,ERS2788314,ERX2843436,ERR2836585,Homo sapiens,Illumina MiSeq,PAIRED,CS.242
PRJEB28687,SAMEA4970099,ERS2788313,ERX2843437,ERR2836586,Homo sapiens,Illumina MiSeq,PAIRED,CS.243
PRJEB28687,SAMEA4970098,ERS2788312,ERX2843438,ERR2836587,Homo sapiens,Illumina MiSeq,PAIRED,CS.244
PRJEB28687,SAMEA4970097,ERS2788311,ERX2843439,ERR2836588,Homo sapiens,Illumina MiSeq,PAIRED,CS.245
PRJEB28687,SAMEA4970096,ERS2788310,ERX2843440,ERR2836589,Homo sapiens,Illumina MiSeq,PAIRED,CS.246
PRJEB28687,SAMEA4970303,ERS2788517,ERX2843441,ERR2836590,Homo sapiens,Illumina MiSeq,PAIRED,CS.247
PRJEB28687,SAMEA4970302,ERS2788516,ERX2843442,ERR2836591,Homo sapiens,Illumina MiSeq,PAIRED,CS.248
PRJEB28687,SAMEA4970301,ERS2788515,ERX2843443,ERR2836592,Homo sapiens,Illumina MiSeq,PAIRED,CS.249
PRJEB28687,SAMEA4970300,ERS2788514,ERX2843444,ERR2836593,Homo sapiens,Illumina MiSeq,PAIRED,CS.251
PRJEB28687,SAMEA4970095,ERS2788309,ERX2843445,ERR2836594,Homo sapiens,Illumina MiSeq,PAIRED,CS.252
PRJEB28687,SAMEA4970094,ERS2788308,ERX2843446,ERR2836595,Homo sapiens,Illumina MiSeq,PAIRED,CS.253
PRJEB28687,SAMEA4970093,ERS2788307,ERX2843447,ERR2836596,Homo sapiens,Illumina MiSeq,PAIRED,CS.254
PRJEB28687,SAMEA4970092,ERS2788306,ERX2843448,ERR2836597,Homo sapiens,Illumina MiSeq,PAIRED,CS.255
PRJEB28687,SAMEA4970091,ERS2788305,ERX2843449,ERR2836598,Homo sapiens,Illumina MiSeq,PAIRED,CS.256
PRJEB28687,SAMEA4970090,ERS2788304,ERX2843450,ERR2836599,Homo sapiens,Illumina MiSeq,PAIRED,CS.257
PRJEB28687,SAMEA4970089,ERS2788303,ERX2843451,ERR2836600,Homo sapiens,Illumina MiSeq,PAIRED,CS.258
PRJEB28687,SAMEA4970265,ERS2788479,ERX2843452,ERR2836601,Homo sapiens,Illumina MiSeq,PAIRED,CS.259
PRJEB28687,SAMEA4970264,ERS2788478,ERX2843453,ERR2836602,Homo sapiens,Illumina MiSeq,PAIRED,CS.260
PRJEB28687,SAMEA4970088,ERS2788302,ERX2843454,ERR2836603,Homo sapiens,Illumina MiSeq,PAIRED,CS.261
PRJEB28687,SAMEA4970087,ERS2788301,ERX2843455,ERR2836604,Homo sapiens,Illumina MiSeq,PAIRED,CS.262
PRJEB28687,SAMEA4970086,ERS2788300,ERX2843456,ERR2836605,Homo sapiens,Illumina MiSeq,PAIRED,CS.263
PRJEB28687,SAMEA4970085,ERS2788299,ERX2843457,ERR2836606,Homo sapiens,Illumina MiSeq,PAIRED,CS.264
PRJEB28687,SAMEA4970084,ERS2788298,ERX2843458,ERR2836607,Homo sapiens,Illumina MiSeq,PAIRED,CS.265
PRJEB28687,SAMEA4970083,ERS2788297,ERX2843459,ERR2836608,Homo sapiens,Illumina MiSeq,PAIRED,CS.267
PRJEB28687,SAMEA4970082,ERS2788296,ERX2843460,ERR2836609,Homo sapiens,Illumina MiSeq,PAIRED,CS.268
PRJEB28687,SAMEA4970263,ERS2788477,ERX2843461,ERR2836610,Homo sapiens,Illumina MiSeq,PAIRED,CS.269
PRJEB28687,SAMEA4970081,ERS2788295,ERX2843462,ERR2836611,Homo sapiens,Illumina MiSeq,PAIRED,CS.270
PRJEB28687,SAMEA4970080,ERS2788294,ERX2843463,ERR2836612,Homo sapiens,Illumina MiSeq,PAIRED,CS.272
PRJEB28687,SAMEA4970262,ERS2788476,ERX2843464,ERR2836613,Homo sapiens,Illumina MiSeq,PAIRED,CS.274
PRJEB28687,SAMEA4970261,ERS2788475,ERX2843465,ERR2836614,Homo sapiens,Illumina MiSeq,PAIRED,CS.275
PRJEB28687,SAMEA4970079,ERS2788293,ERX2843466,ERR2836615,Homo sapiens,Illumina MiSeq,PAIRED,CS.276
PRJEB28687,SAMEA4970078,ERS2788292,ERX2843467,ERR2836616,Homo sapiens,Illumina MiSeq,PAIRED,CS.277
PRJEB28687,SAMEA4970077,ERS2788291,ERX2843468,ERR2836617,Homo sapiens,Illumina MiSeq,PAIRED,CS.278
PRJEB28687,SAMEA4970076,ERS2788290,ERX2843469,ERR2836618,Homo sapiens,Illumina MiSeq,PAIRED,CS.280
PRJEB28687,SAMEA4970075,ERS2788289,ERX2843470,ERR2836619,Homo sapiens,Illumina MiSeq,PAIRED,CS.281
PRJEB28687,SAMEA4970260,ERS2788474,ERX2843471,ERR2836620,Homo sapiens,Illumina MiSeq,PAIRED,CS.282
PRJEB28687,SAMEA4970259,ERS2788473,ERX2843472,ERR2836621,Homo sapiens,Illumina MiSeq,PAIRED,CS.283
PRJEB28687,SAMEA4970299,ERS2788513,ERX2843473,ERR2836622,Homo sapiens,Illumina MiSeq,PAIRED,CS.284
PRJEB28687,SAMEA4970298,ERS2788512,ERX2843474,ERR2836623,Homo sapiens,Illumina MiSeq,PAIRED,CS.285
PRJEB28687,SAMEA4970297,ERS2788511,ERX2843475,ERR2836624,Homo sapiens,Illumina MiSeq,PAIRED,CS.286
PRJEB28687,SAMEA4970074,ERS2788288,ERX2843476,ERR2836625,Homo sapiens,Illumina MiSeq,PAIRED,CS.287
PRJEB28687,SAMEA4970073,ERS2788287,ERX2843477,ERR2836626,Homo sapiens,Illumina MiSeq,PAIRED,CS.288
PRJEB28687,SAMEA4970258,ERS2788472,ERX2843478,ERR2836627,Homo sapiens,Illumina MiSeq,PAIRED,CS.290
PRJEB28687,SAMEA4970296,ERS2788510,ERX2843479,ERR2836628,Homo sapiens,Illumina MiSeq,PAIRED,CS.292
PRJEB28687,SAMEA4970257,ERS2788471,ERX2843480,ERR2836629,Homo sapiens,Illumina MiSeq,PAIRED,CS.293
PRJEB28687,SAMEA4970256,ERS2788470,ERX2843481,ERR2836630,Homo sapiens,Illumina MiSeq,PAIRED,CS.294
PRJEB28687,SAMEA4970255,ERS2788469,ERX2843482,ERR2836631,Homo sapiens,Illumina MiSeq,PAIRED,CS.295
PRJEB28687,SAMEA4970254,ERS2788468,ERX2843483,ERR2836632,Homo sapiens,Illumina MiSeq,PAIRED,CS.296
PRJEB28687,SAMEA4970253,ERS2788467,ERX2843484,ERR2836633,Homo sapiens,Illumina MiSeq,PAIRED,CS.297
PRJEB28687,SAMEA4970295,ERS2788509,ERX2843485,ERR2836634,Homo sapiens,Illumina MiSeq,PAIRED,CS.298
PRJEB28687,SAMEA4970252,ERS2788466,ERX2843486,ERR2836635,Homo sapiens,Illumina MiSeq,PAIRED,CS.300
PRJEB28687,SAMEA4970251,ERS2788465,ERX2843487,ERR2836636,Homo sapiens,Illumina MiSeq,PAIRED,CS.301
PRJEB28687,SAMEA4970250,ERS2788464,ERX2843488,ERR2836637,Homo sapiens,Illumina MiSeq,PAIRED,CS.302
PRJEB28687,SAMEA4970072,ERS2788286,ERX2843489,ERR2836638,Homo sapiens,Illumina MiSeq,PAIRED,CS.303
PRJEB28687,SAMEA4970071,ERS2788285,ERX2843490,ERR2836639,Homo sapiens,Illumina MiSeq,PAIRED,CS.304
PRJEB28687,SAMEA4970249,ERS2788463,ERX2843491,ERR2836640,Homo sapiens,Illumina MiSeq,PAIRED,CS.305
PRJEB28687,SAMEA4970070,ERS2788284,ERX2843492,ERR2836641,Homo sapiens,Illumina MiSeq,PAIRED,CS.306
PRJEB28687,SAMEA4970069,ERS2788283,ERX2843493,ERR2836642,Homo sapiens,Illumina MiSeq,PAIRED,CS.307
PRJEB28687,SAMEA4970294,ERS2788508,ERX2843494,ERR2836643,Homo sapiens,Illumina MiSeq,PAIRED,CS.308.0
PRJEB28687,SAMEA4970068,ERS2788282,ERX2843495,ERR2836644,Homo sapiens,Illumina MiSeq,PAIRED,CS.309
PRJEB28687,SAMEA4970293,ERS2788507,ERX2843496,ERR2836645,Homo sapiens,Illumina MiSeq,PAIRED,CS.311
PRJEB28687,SAMEA4970292,ERS2788506,ERX2843497,ERR2836646,Homo sapiens,Illumina MiSeq,PAIRED,CS.312
PRJEB28687,SAMEA4970067,ERS2788281,ERX2843498,ERR2836647,Homo sapiens,Illumina MiSeq,PAIRED,CS.313
PRJEB28687,SAMEA4970066,ERS2788280,ERX2843499,ERR2836648,Homo sapiens,Illumina MiSeq,PAIRED,CS.314
PRJEB28687,SAMEA4970065,ERS2788279,ERX2843500,ERR2836649,Homo sapiens,Illumina MiSeq,PAIRED,CS.316
PRJEB28687,SAMEA4970248,ERS2788462,ERX2843501,ERR2836650,Homo sapiens,Illumina MiSeq,PAIRED,CS.318
PRJEB28687,SAMEA4970247,ERS2788461,ERX2843502,ERR2836651,Homo sapiens,Illumina MiSeq,PAIRED,CS.319
PRJEB28687,SAMEA4970064,ERS2788278,ERX2843503,ERR2836652,Homo sapiens,Illumina MiSeq,PAIRED,CS.320
PRJEB28687,SAMEA4970246,ERS2788460,ERX2843504,ERR2836653,Homo sapiens,Illumina MiSeq,PAIRED,CS.321
PRJEB28687,SAMEA4970245,ERS2788459,ERX2843505,ERR2836654,Homo sapiens,Illumina MiSeq,PAIRED,CS.322
PRJEB28687,SAMEA4970063,ERS2788277,ERX2843506,ERR2836655,Homo sapiens,Illumina MiSeq,PAIRED,CS.323
PRJEB28687,SAMEA4970244,ERS2788458,ERX2843507,ERR2836656,Homo sapiens,Illumina MiSeq,PAIRED,CS.325
PRJEB28687,SAMEA4970062,ERS2788276,ERX2843508,ERR2836657,Homo sapiens,Illumina MiSeq,PAIRED,CS.326
PRJEB28687,SAMEA4970061,ERS2788275,ERX2843509,ERR2836658,Homo sapiens,Illumina MiSeq,PAIRED,CS.327
PRJEB28687,SAMEA4970243,ERS2788457,ERX2843510,ERR2836659,Homo sapiens,Illumina MiSeq,PAIRED,CS.328
PRJEB28687,SAMEA4970060,ERS2788274,ERX2843511,ERR2836660,Homo sapiens,Illumina MiSeq,PAIRED,CS.329
PRJEB28687,SAMEA4970059,ERS2788273,ERX2843512,ERR2836661,Homo sapiens,Illumina MiSeq,PAIRED,CS.330
PRJEB28687,SAMEA4970058,ERS2788272,ERX2843513,ERR2836662,Homo sapiens,Illumina MiSeq,PAIRED,CS.331
PRJEB28687,SAMEA4970242,ERS2788456,ERX2843514,ERR2836663,Homo sapiens,Illumina MiSeq,PAIRED,CS.332
PRJEB28687,SAMEA4970241,ERS2788455,ERX2843515,ERR2836664,Homo sapiens,Illumina MiSeq,PAIRED,CS.333
PRJEB28687,SAMEA4970240,ERS2788454,ERX2843516,ERR2836665,Homo sapiens,Illumina MiSeq,PAIRED,CS.334
PRJEB28687,SAMEA4970239,ERS2788453,ERX2843517,ERR2836666,Homo sapiens,Illumina MiSeq,PAIRED,CS.335
PRJEB28687,SAMEA4970057,ERS2788271,ERX2843518,ERR2836667,Homo sapiens,Illumina MiSeq,PAIRED,CS.336
PRJEB28687,SAMEA4970056,ERS2788270,ERX2843519,ERR2836668,Homo sapiens,Illumina MiSeq,PAIRED,CS.337
PRJEB28687,SAMEA4970055,ERS2788269,ERX2843520,ERR2836669,Homo sapiens,Illumina MiSeq,PAIRED,CS.338
PRJEB28687,SAMEA4970238,ERS2788452,ERX2843521,ERR2836670,Homo sapiens,Illumina MiSeq,PAIRED,CS.339
PRJEB28687,SAMEA4970237,ERS2788451,ERX2843522,ERR2836671,Homo sapiens,Illumina MiSeq,PAIRED,CS.341
PRJEB28687,SAMEA4970236,ERS2788450,ERX2843523,ERR2836672,Homo sapiens,Illumina MiSeq,PAIRED,CS.343
PRJEB28687,SAMEA4970054,ERS2788268,ERX2843524,ERR2836673,Homo sapiens,Illumina MiSeq,PAIRED,CS.344
PRJEB28687,SAMEA4970291,ERS2788505,ERX2843525,ERR2836674,Homo sapiens,Illumina MiSeq,PAIRED,CS.345.0
PRJEB28687,SAMEA4970290,ERS2788504,ERX2843526,ERR2836675,Homo sapiens,Illumina MiSeq,PAIRED,CS.346
PRJEB28687,SAMEA4970289,ERS2788503,ERX2843527,ERR2836676,Homo sapiens,Illumina MiSeq,PAIRED,CS.347.0
PRJEB28687,SAMEA4970053,ERS2788267,ERX2843528,ERR2836677,Homo sapiens,Illumina MiSeq,PAIRED,CS.348
PRJEB28687,SAMEA4970052,ERS2788266,ERX2843529,ERR2836678,Homo sapiens,Illumina MiSeq,PAIRED,CS.349
PRJEB28687,SAMEA4970235,ERS2788449,ERX2843530,ERR2836679,Homo sapiens,Illumina MiSeq,PAIRED,CS.350
PRJEB28687,SAMEA4970234,ERS2788448,ERX2843531,ERR2836680,Homo sapiens,Illumina MiSeq,PAIRED,CS.351
PRJEB28687,SAMEA4970051,ERS2788265,ERX2843532,ERR2836681,Homo sapiens,Illumina MiSeq,PAIRED,CS.354
PRJEB28687,SAMEA4970233,ERS2788447,ERX2843533,ERR2836682,Homo sapiens,Illumina MiSeq,PAIRED,CS.356
PRJEB28687,SAMEA4970232,ERS2788446,ERX2843534,ERR2836683,Homo sapiens,Illumina MiSeq,PAIRED,CS.357
PRJEB28687,SAMEA4970231,ERS2788445,ERX2843535,ERR2836684,Homo sapiens,Illumina MiSeq,PAIRED,CS.358
PRJEB28687,SAMEA4970050,ERS2788264,ERX2843536,ERR2836685,Homo sapiens,Illumina MiSeq,PAIRED,CS.359
PRJEB28687,SAMEA4970230,ERS2788444,ERX2843537,ERR2836686,Homo sapiens,Illumina MiSeq,PAIRED,CS.360
PRJEB28687,SAMEA4970049,ERS2788263,ERX2843538,ERR2836687,Homo sapiens,Illumina MiSeq,PAIRED,CS.361
PRJEB28687,SAMEA4970229,ERS2788443,ERX2843539,ERR2836688,Homo sapiens,Illumina MiSeq,PAIRED,CS.362
PRJEB28687,SAMEA4970048,ERS2788262,ERX2843540,ERR2836689,Homo sapiens,Illumina MiSeq,PAIRED,CS.363
PRJEB28687,SAMEA4970047,ERS2788261,ERX2843541,ERR2836690,Homo sapiens,Illumina MiSeq,PAIRED,CS.364
PRJEB28687,SAMEA4970228,ERS2788442,ERX2843542,ERR2836691,Homo sapiens,Illumina MiSeq,PAIRED,CS.365
PRJEB28687,SAMEA4970227,ERS2788441,ERX2843543,ERR2836692,Homo sapiens,Illumina MiSeq,PAIRED,CS.366
PRJEB28687,SAMEA4970046,ERS2788260,ERX2843544,ERR2836693,Homo sapiens,Illumina MiSeq,PAIRED,CS.367
PRJEB28687,SAMEA4970045,ERS2788259,ERX2843545,ERR2836694,Homo sapiens,Illumina MiSeq,PAIRED,CS.368
PRJEB28687,SAMEA4970044,ERS2788258,ERX2843546,ERR2836695,Homo sapiens,Illumina MiSeq,PAIRED,CS.369
PRJEB28687,SAMEA4970043,ERS2788257,ERX2843547,ERR2836696,Homo sapiens,Illumina MiSeq,PAIRED,CS.370
PRJEB28687,SAMEA4970042,ERS2788256,ERX2843548,ERR2836697,Homo sapiens,Illumina MiSeq,PAIRED,CS.371.1
PRJEB28687,SAMEA4970041,ERS2788255,ERX2843549,ERR2836698,Homo sapiens,Illumina MiSeq,PAIRED,CS.372
PRJEB28687,SAMEA4970040,ERS2788254,ERX2843550,ERR2836699,Homo sapiens,Illumina MiSeq,PAIRED,CS.373
PRJEB28687,SAMEA4970039,ERS2788253,ERX2843551,ERR2836700,Homo sapiens,Illumina MiSeq,PAIRED,CS.374
PRJEB28687,SAMEA4970038,ERS2788252,ERX2843552,ERR2836701,Homo sapiens,Illumina MiSeq,PAIRED,CS.375
PRJEB28687,SAMEA4970037,ERS2788251,ERX2843553,ERR2836702,Homo sapiens,Illumina MiSeq,PAIRED,CS.376
PRJEB28687,SAMEA4970036,ERS2788250,ERX2843554,ERR2836703,Homo sapiens,Illumina MiSeq,PAIRED,CS.377
PRJEB28687,SAMEA4970035,ERS2788249,ERX2843555,ERR2836704,Homo sapiens,Illumina MiSeq,PAIRED,CS.378
PRJEB28687,SAMEA4970226,ERS2788440,ERX2843556,ERR2836705,Homo sapiens,Illumina MiSeq,PAIRED,CS.379
PRJEB28687,SAMEA4970225,ERS2788439,ERX2843557,ERR2836706,Homo sapiens,Illumina MiSeq,PAIRED,CS.380
PRJEB28687,SAMEA4970034,ERS2788248,ERX2843558,ERR2836707,Homo sapiens,Illumina MiSeq,PAIRED,CS.381
PRJEB28687,SAMEA4970224,ERS2788438,ERX2843559,ERR2836708,Homo sapiens,Illumina MiSeq,PAIRED,CS.382
PRJEB28687,SAMEA4970033,ERS2788247,ERX2843560,ERR2836709,Homo sapiens,Illumina MiSeq,PAIRED,CS.385
PRJEB28687,SAMEA4970032,ERS2788246,ERX2843561,ERR2836710,Homo sapiens,Illumina MiSeq,PAIRED,CS.386
PRJEB28687,SAMEA4970031,ERS2788245,ERX2843562,ERR2836711,Homo sapiens,Illumina MiSeq,PAIRED,CS.387
PRJEB28687,SAMEA4970223,ERS2788437,ERX2843563,ERR2836712,Homo sapiens,Illumina MiSeq,PAIRED,CS.388
PRJEB28687,SAMEA4970030,ERS2788244,ERX2843564,ERR2836713,Homo sapiens,Illumina MiSeq,PAIRED,CS.389
PRJEB28687,SAMEA4970029,ERS2788243,ERX2843565,ERR2836714,Homo sapiens,Illumina MiSeq,PAIRED,CS.390
PRJEB28687,SAMEA4970028,ERS2788242,ERX2843566,ERR2836715,Homo sapiens,Illumina MiSeq,PAIRED,CS.391
PRJEB28687,SAMEA4970027,ERS2788241,ERX2843567,ERR2836716,Homo sapiens,Illumina MiSeq,PAIRED,CS.393
PRJEB28687,SAMEA4970026,ERS2788240,ERX2843568,ERR2836717,Homo sapiens,Illumina MiSeq,PAIRED,CS.395
PRJEB28687,SAMEA4970025,ERS2788239,ERX2843569,ERR2836718,Homo sapiens,Illumina MiSeq,PAIRED,CS.500
PRJEB28687,SAMEA4970024,ERS2788238,ERX2843570,ERR2836719,Homo sapiens,Illumina MiSeq,PAIRED,L.001.M0
PRJEB28687,SAMEA4970023,ERS2788237,ERX2843571,ERR2836720,Homo sapiens,Illumina MiSeq,PAIRED,L.001.M1
PRJEB28687,SAMEA4970022,ERS2788236,ERX2843572,ERR2836721,Homo sapiens,Illumina MiSeq,PAIRED,L.001.M3
PRJEB28687,SAMEA4970021,ERS2788235,ERX2843573,ERR2836722,Homo sapiens,Illumina MiSeq,PAIRED,L.001.M4
PRJEB28687,SAMEA4970020,ERS2788234,ERX2843574,ERR2836723,Homo sapiens,Illumina MiSeq,PAIRED,L.001.M5
PRJEB28687,SAMEA4970019,ERS2788233,ERX2843575,ERR2836724,Homo sapiens,Illumina MiSeq,PAIRED,L.001.M6
PRJEB28687,SAMEA4970018,ERS2788232,ERX2843576,ERR2836725,Homo sapiens,Illumina MiSeq,PAIRED,L.002.M0
PRJEB28687,SAMEA4969898,ERS2788113,ERX2843577,ERR2836726,Homo sapiens,Illumina MiSeq,PAIRED,L.002.M1
PRJEB28687,SAMEA4969897,ERS2788112,ERX2843578,ERR2836727,Homo sapiens,Illumina MiSeq,PAIRED,L.002.M2
PRJEB28687,SAMEA4969896,ERS2788111,ERX2843579,ERR2836728,Homo sapiens,Illumina MiSeq,PAIRED,L.002.M4
PRJEB28687,SAMEA4969895,ERS2788110,ERX2843580,ERR2836729,Homo sapiens,Illumina MiSeq,PAIRED,L.002.M5
PRJEB28687,SAMEA4969894,ERS2788109,ERX2843581,ERR2836730,Homo sapiens,Illumina MiSeq,PAIRED,L.002.M6.0
PRJEB28687,SAMEA4969893,ERS2788108,ERX2843582,ERR2836731,Homo sapiens,Illumina MiSeq,PAIRED,L.003.M0
PRJEB28687,SAMEA4969892,ERS2788107,ERX2843583,ERR2836732,Homo sapiens,Illumina MiSeq,PAIRED,L.003.M1
PRJEB28687,SAMEA4969891,ERS2788106,ERX2843584,ERR2836733,Homo sapiens,Illumina MiSeq,PAIRED,L.003.M2
PRJEB28687,SAMEA4969890,ERS2788105,ERX2843585,ERR2836734,Homo sapiens,Illumina MiSeq,PAIRED,L.003.M4
PRJEB28687,SAMEA4969889,ERS2788104,ERX2843586,ERR2836735,Homo sapiens,Illumina MiSeq,PAIRED,L.003.M5
PRJEB28687,SAMEA4969888,ERS2788103,ERX2843587,ERR2836736,Homo sapiens,Illumina MiSeq,PAIRED,L.003.M6
PRJEB28687,SAMEA4970165,ERS2788379,ERX2843588,ERR2836737,Homo sapiens,Illumina MiSeq,PAIRED,L.004.M1
PRJEB28687,SAMEA4970164,ERS2788378,ERX2843589,ERR2836738,Homo sapiens,Illumina MiSeq,PAIRED,L.004.M2
PRJEB28687,SAMEA4970163,ERS2788377,ERX2843590,ERR2836739,Homo sapiens,Illumina MiSeq,PAIRED,L.004.M3
PRJEB28687,SAMEA4970162,ERS2788376,ERX2843591,ERR2836740,Homo sapiens,Illumina MiSeq,PAIRED,L.004.M4
PRJEB28687,SAMEA4970161,ERS2788375,ERX2843592,ERR2836741,Homo sapiens,Illumina MiSeq,PAIRED,L.004.M5
PRJEB28687,SAMEA4970160,ERS2788374,ERX2843593,ERR2836742,Homo sapiens,Illumina MiSeq,PAIRED,L.004.M6
PRJEB28687,SAMEA4970159,ERS2788373,ERX2843594,ERR2836743,Homo sapiens,Illumina MiSeq,PAIRED,L.005.M1
PRJEB28687,SAMEA4970158,ERS2788372,ERX2843595,ERR2836744,Homo sapiens,Illumina MiSeq,PAIRED,L.005.M2
PRJEB28687,SAMEA4970157,ERS2788371,ERX2843596,ERR2836745,Homo sapiens,Illumina MiSeq,PAIRED,L.005.M3
PRJEB28687,SAMEA4970156,ERS2788370,ERX2843597,ERR2836746,Homo sapiens,Illumina MiSeq,PAIRED,L.005.M4
PRJEB28687,SAMEA4970155,ERS2788369,ERX2843598,ERR2836747,Homo sapiens,Illumina MiSeq,PAIRED,L.005.M5
PRJEB28687,SAMEA4970154,ERS2788368,ERX2843599,ERR2836748,Homo sapiens,Illumina MiSeq,PAIRED,L.005.M6
PRJEB28687,SAMEA4970153,ERS2788367,ERX2843600,ERR2836749,Homo sapiens,Illumina MiSeq,PAIRED,L.006.M1
PRJEB28687,SAMEA4970152,ERS2788366,ERX2843601,ERR2836750,Homo sapiens,Illumina MiSeq,PAIRED,L.006.M2
PRJEB28687,SAMEA4970151,ERS2788365,ERX2843602,ERR2836751,Homo sapiens,Illumina MiSeq,PAIRED,L.006.M3
PRJEB28687,SAMEA4970150,ERS2788364,ERX2843603,ERR2836752,Homo sapiens,Illumina MiSeq,PAIRED,L.006.M4
PRJEB28687,SAMEA4970149,ERS2788363,ERX2843604,ERR2836753,Homo sapiens,Illumina MiSeq,PAIRED,L.006.M5
PRJEB28687,SAMEA4970148,ERS2788362,ERX2843605,ERR2836754,Homo sapiens,Illumina MiSeq,PAIRED,L.006.M6
PRJEB28687,SAMEA4970147,ERS2788361,ERX2843606,ERR2836755,Homo sapiens,Illumina MiSeq,PAIRED,L.007.M1
PRJEB28687,SAMEA4970146,ERS2788360,ERX2843607,ERR2836756,Homo sapiens,Illumina MiSeq,PAIRED,L.007.M2
PRJEB28687,SAMEA4970145,ERS2788359,ERX2843608,ERR2836757,Homo sapiens,Illumina MiSeq,PAIRED,L.007.M4
PRJEB28687,SAMEA4970144,ERS2788358,ERX2843609,ERR2836758,Homo sapiens,Illumina MiSeq,PAIRED,L.007.M5
PRJEB28687,SAMEA4970143,ERS2788357,ERX2843610,ERR2836759,Homo sapiens,Illumina MiSeq,PAIRED,L.007.M6
PRJEB28687,SAMEA4970142,ERS2788356,ERX2843611,ERR2836760,Homo sapiens,Illumina MiSeq,PAIRED,L.008.M1
PRJEB28687,SAMEA4970141,ERS2788355,ERX2843612,ERR2836761,Homo sapiens,Illumina MiSeq,PAIRED,L.008.M2
PRJEB28687,SAMEA4970140,ERS2788354,ERX2843613,ERR2836762,Homo sapiens,Illumina MiSeq,PAIRED,L.008.M3
PRJEB28687,SAMEA4970139,ERS2788353,ERX2843614,ERR2836763,Homo sapiens,Illumina MiSeq,PAIRED,L.008.M4
PRJEB28687,SAMEA4970138,ERS2788352,ERX2843615,ERR2836764,Homo sapiens,Illumina MiSeq,PAIRED,L.008.M5
PRJEB28687,SAMEA4970137,ERS2788351,ERX2843616,ERR2836765,Homo sapiens,Illumina MiSeq,PAIRED,L.008.M6
PRJEB28687,SAMEA4970288,ERS2788502,ERX2843617,ERR2836766,Homo sapiens,Illumina MiSeq,PAIRED,L.011.M1
PRJEB28687,SAMEA4970136,ERS2788350,ERX2843618,ERR2836767,Homo sapiens,Illumina MiSeq,PAIRED,L.012.M1
PRJEB28687,SAMEA4970135,ERS2788349,ERX2843619,ERR2836768,Homo sapiens,Illumina MiSeq,PAIRED,L.012.M2
PRJEB28687,SAMEA4970134,ERS2788348,ERX2843620,ERR2836769,Homo sapiens,Illumina MiSeq,PAIRED,L.012.M3
PRJEB28687,SAMEA4970133,ERS2788347,ERX2843621,ERR2836770,Homo sapiens,Illumina MiSeq,PAIRED,L.012.M4
PRJEB28687,SAMEA4970132,ERS2788346,ERX2843622,ERR2836771,Homo sapiens,Illumina MiSeq,PAIRED,L.012.M5
PRJEB28687,SAMEA4970131,ERS2788345,ERX2843623,ERR2836772,Homo sapiens,Illumina MiSeq,PAIRED,L.012.M6
PRJEB28687,SAMEA4969887,ERS2788102,ERX2843624,ERR2836773,Homo sapiens,Illumina MiSeq,PAIRED,L.022.M1
PRJEB28687,SAMEA4969886,ERS2788101,ERX2843625,ERR2836774,Homo sapiens,Illumina MiSeq,PAIRED,L.022.M2
PRJEB28687,SAMEA4969885,ERS2788100,ERX2843626,ERR2836775,Homo sapiens,Illumina MiSeq,PAIRED,L.022.M3
PRJEB28687,SAMEA4969884,ERS2788099,ERX2843627,ERR2836776,Homo sapiens,Illumina MiSeq,PAIRED,L.022.M4
PRJEB28687,SAMEA4969883,ERS2788098,ERX2843628,ERR2836777,Homo sapiens,Illumina MiSeq,PAIRED,L.022.M5
PRJEB28687,SAMEA4969882,ERS2788097,ERX2843629,ERR2836778,Homo sapiens,Illumina MiSeq,PAIRED,L.022.M6
PRJEB28687,SAMEA4969881,ERS2788096,ERX2843630,ERR2836779,Homo sapiens,Illumina MiSeq,PAIRED,L.024.M1
PRJEB28687,SAMEA4969880,ERS2788095,ERX2843631,ERR2836780,Homo sapiens,Illumina MiSeq,PAIRED,L.024.M2
PRJEB28687,SAMEA4969879,ERS2788094,ERX2843632,ERR2836781,Homo sapiens,Illumina MiSeq,PAIRED,L.024.M5
PRJEB28687,SAMEA4969878,ERS2788093,ERX2843633,ERR2836782,Homo sapiens,Illumina MiSeq,PAIRED,L.024.M6
PRJEB28687,SAMEA4970130,ERS2788344,ERX2843634,ERR2836783,Homo sapiens,Illumina MiSeq,PAIRED,L.025.M1
PRJEB28687,SAMEA4970129,ERS2788343,ERX2843635,ERR2836784,Homo sapiens,Illumina MiSeq,PAIRED,L.025.M2
PRJEB28687,SAMEA4970128,ERS2788342,ERX2843636,ERR2836785,Homo sapiens,Illumina MiSeq,PAIRED,L.025.M3
PRJEB28687,SAMEA4970127,ERS2788341,ERX2843637,ERR2836786,Homo sapiens,Illumina MiSeq,PAIRED,L.025.M4
PRJEB28687,SAMEA4970126,ERS2788340,ERX2843638,ERR2836787,Homo sapiens,Illumina MiSeq,PAIRED,L.025.M5
PRJEB28687,SAMEA4970125,ERS2788339,ERX2843639,ERR2836788,Homo sapiens,Illumina MiSeq,PAIRED,L.025.M6
PRJEB28687,SAMEA4969877,ERS2788092,ERX2843640,ERR2836789,Homo sapiens,Illumina MiSeq,PAIRED,L.031.M0
PRJEB28687,SAMEA4969876,ERS2788091,ERX2843641,ERR2836790,Homo sapiens,Illumina MiSeq,PAIRED,L.031.M1
PRJEB28687,SAMEA4969875,ERS2788090,ERX2843642,ERR2836791,Homo sapiens,Illumina MiSeq,PAIRED,L.031.M2
PRJEB28687,SAMEA4969874,ERS2788089,ERX2843643,ERR2836792,Homo sapiens,Illumina MiSeq,PAIRED,L.031.M3
PRJEB28687,SAMEA4969873,ERS2788088,ERX2843644,ERR2836793,Homo sapiens,Illumina MiSeq,PAIRED,L.031.M4
PRJEB28687,SAMEA4969872,ERS2788087,ERX2843645,ERR2836794,Homo sapiens,Illumina MiSeq,PAIRED,L.031.M5
PRJEB28687,SAMEA4969871,ERS2788086,ERX2843646,ERR2836795,Homo sapiens,Illumina MiSeq,PAIRED,L.031.M6
PRJEB28687,SAMEA4969870,ERS2788085,ERX2843647,ERR2836796,Homo sapiens,Illumina MiSeq,PAIRED,L.032.M0
PRJEB28687,SAMEA4969869,ERS2788084,ERX2843648,ERR2836797,Homo sapiens,Illumina MiSeq,PAIRED,L.032.M1
PRJEB28687,SAMEA4969868,ERS2788083,ERX2843649,ERR2836798,Homo sapiens,Illumina MiSeq,PAIRED,L.032.M2
PRJEB28687,SAMEA4969867,ERS2788082,ERX2843650,ERR2836799,Homo sapiens,Illumina MiSeq,PAIRED,L.032.M3
PRJEB28687,SAMEA4969866,ERS2788081,ERX2843651,ERR2836800,Homo sapiens,Illumina MiSeq,PAIRED,L.032.M4
PRJEB28687,SAMEA4969865,ERS2788080,ERX2843652,ERR2836801,Homo sapiens,Illumina MiSeq,PAIRED,L.032.M5
PRJEB28687,SAMEA4969864,ERS2788079,ERX2843653,ERR2836802,Homo sapiens,Illumina MiSeq,PAIRED,L.032.M6
PRJEB28687,SAMEA4969863,ERS2788078,ERX2843654,ERR2836803,Homo sapiens,Illumina MiSeq,PAIRED,L.033.M0
PRJEB28687,SAMEA4969862,ERS2788077,ERX2843655,ERR2836804,Homo sapiens,Illumina MiSeq,PAIRED,L.033.M1
PRJEB28687,SAMEA4969861,ERS2788076,ERX2843656,ERR2836805,Homo sapiens,Illumina MiSeq,PAIRED,L.033.M2
PRJEB28687,SAMEA4969860,ERS2788075,ERX2843657,ERR2836806,Homo sapiens,Illumina MiSeq,PAIRED,L.033.M3
PRJEB28687,SAMEA4969859,ERS2788074,ERX2843658,ERR2836807,Homo sapiens,Illumina MiSeq,PAIRED,L.033.M4
PRJEB28687,SAMEA4969858,ERS2788073,ERX2843659,ERR2836808,Homo sapiens,Illumina MiSeq,PAIRED,L.033.M5
PRJEB28687,SAMEA4969857,ERS2788072,ERX2843660,ERR2836809,Homo sapiens,Illumina MiSeq,PAIRED,L.033.M6
PRJEB28687,SAMEA4969856,ERS2788071,ERX2843661,ERR2836810,Homo sapiens,Illumina MiSeq,PAIRED,L.034.M0
PRJEB28687,SAMEA4969855,ERS2788070,ERX2843662,ERR2836811,Homo sapiens,Illumina MiSeq,PAIRED,L.034.M1
PRJEB28687,SAMEA4969854,ERS2788069,ERX2843663,ERR2836812,Homo sapiens,Illumina MiSeq,PAIRED,L.034.M2
PRJEB28687,SAMEA4969853,ERS2788068,ERX2843664,ERR2836813,Homo sapiens,Illumina MiSeq,PAIRED,L.034.M3
PRJEB28687,SAMEA4969852,ERS2788067,ERX2843665,ERR2836814,Homo sapiens,Illumina MiSeq,PAIRED,L.034.M4
PRJEB28687,SAMEA4969851,ERS2788066,ERX2843666,ERR2836815,Homo sapiens,Illumina MiSeq,PAIRED,L.034.M5
PRJEB28687,SAMEA4969850,ERS2788065,ERX2843667,ERR2836816,Homo sapiens,Illumina MiSeq,PAIRED,L.034.M6
PRJEB28687,SAMEA4969849,ERS2788064,ERX2843668,ERR2836817,Homo sapiens,Illumina MiSeq,PAIRED,L.035.M0
PRJEB28687,SAMEA4969848,ERS2788063,ERX2843669,ERR2836818,Homo sapiens,Illumina MiSeq,PAIRED,L.035.M1
PRJEB28687,SAMEA4969847,ERS2788062,ERX2843670,ERR2836819,Homo sapiens,Illumina MiSeq,PAIRED,L.035.M2
PRJEB28687,SAMEA4969845,ERS2788060,ERX2843671,ERR2836820,Homo sapiens,Illumina MiSeq,PAIRED,L.035.M5
PRJEB28687,SAMEA4969846,ERS2788061,ERX2843672,ERR2836821,Homo sapiens,Illumina MiSeq,PAIRED,L.035.M5.1
PRJEB28687,SAMEA4969844,ERS2788059,ERX2843673,ERR2836822,Homo sapiens,Illumina MiSeq,PAIRED,L.035.M6
PRJEB28687,SAMEA4969843,ERS2788058,ERX2843674,ERR2836823,Homo sapiens,Illumina MiSeq,PAIRED,L.036.M0
PRJEB28687,SAMEA4969842,ERS2788057,ERX2843675,ERR2836824,Homo sapiens,Illumina MiSeq,PAIRED,L.036.M1
PRJEB28687,SAMEA4969841,ERS2788056,ERX2843676,ERR2836825,Homo sapiens,Illumina MiSeq,PAIRED,L.036.M2
PRJEB28687,SAMEA4969840,ERS2788055,ERX2843677,ERR2836826,Homo sapiens,Illumina MiSeq,PAIRED,L.036.M3
PRJEB28687,SAMEA4969839,ERS2788054,ERX2843678,ERR2836827,Homo sapiens,Illumina MiSeq,PAIRED,L.036.M4
PRJEB28687,SAMEA4969838,ERS2788053,ERX2843679,ERR2836828,Homo sapiens,Illumina MiSeq,PAIRED,L.036.M5
PRJEB28687,SAMEA4969837,ERS2788052,ERX2843680,ERR2836829,Homo sapiens,Illumina MiSeq,PAIRED,L.036.M6
PRJEB28687,SAMEA4969836,ERS2788051,ERX2843681,ERR2836830,Homo sapiens,Illumina MiSeq,PAIRED,T.CS.001
PRJEB28687,SAMEA4969835,ERS2788050,ERX2843682,ERR2836831,Homo sapiens,Illumina MiSeq,PAIRED,T.CS.002
PRJEB28687,SAMEA4970222,ERS2788436,ERX2843683,ERR2836832,Homo sapiens,Illumina MiSeq,PAIRED,T.CS.003
PRJEB28687,SAMEA4970221,ERS2788435,ERX2843684,ERR2836833,Homo sapiens,Illumina MiSeq,PAIRED,T.CS.004
PRJEB28687,SAMEA4969834,ERS2788049,ERX2843685,ERR2836834,Homo sapiens,Illumina MiSeq,PAIRED,T.CS.005
PRJEB28687,SAMEA4970220,ERS2788434,ERX2843686,ERR2836835,Homo sapiens,Illumina MiSeq,PAIRED,T.CS.007
PRJEB28687,SAMEA4970219,ERS2788433,ERX2843687,ERR2836836,Homo sapiens,Illumina MiSeq,PAIRED,T.CS.008
PRJEB28687,SAMEA4970218,ERS2788432,ERX2843688,ERR2836837,Homo sapiens,Illumina MiSeq,PAIRED,T.CS.009
PRJEB28687,SAMEA4969833,ERS2788048,ERX2843689,ERR2836838,Homo sapiens,Illumina MiSeq,PAIRED,T.CS.011
PRJEB28687,SAMEA4969832,ERS2788047,ERX2843690,ERR2836839,Homo sapiens,Illumina MiSeq,PAIRED,T.CS.012
PRJEB28687,SAMEA4970217,ERS2788431,ERX2843691,ERR2836840,Homo sapiens,Illumina MiSeq,PAIRED,T.CS.013
PRJEB28687,SAMEA4970216,ERS2788430,ERX2843692,ERR2836841,Homo sapiens,Illumina MiSeq,PAIRED,T.CS.014
PRJEB28687,SAMEA4969831,ERS2788046,ERX2843693,ERR2836842,Homo sapiens,Illumina MiSeq,PAIRED,T.CS.016
PRJEB28687,SAMEA4969830,ERS2788045,ERX2843694,ERR2836843,Homo sapiens,Illumina MiSeq,PAIRED,T.CS.017
PRJEB28687,SAMEA4970215,ERS2788429,ERX2843695,ERR2836844,Homo sapiens,Illumina MiSeq,PAIRED,T.CS.018
PRJEB28687,SAMEA4970017,ERS2788231,ERX2843696,ERR2836845,Homo sapiens,Illumina MiSeq,PAIRED,T.CS.019
PRJEB28687,SAMEA4970214,ERS2788428,ERX2843697,ERR2836846,Homo sapiens,Illumina MiSeq,PAIRED,T.CS.020
PRJEB28687,SAMEA4970016,ERS2788230,ERX2843698,ERR2836847,Homo sapiens,Illumina MiSeq,PAIRED,T.CS.021
PRJEB28687,SAMEA4970015,ERS2788229,ERX2843699,ERR2836848,Homo sapiens,Illumina MiSeq,PAIRED,T.CS.022
PRJEB28687,SAMEA4970213,ERS2788427,ERX2843700,ERR2836849,Homo sapiens,Illumina MiSeq,PAIRED,T.CS.023
PRJEB28687,SAMEA4970014,ERS2788228,ERX2843701,ERR2836850,Homo sapiens,Illumina MiSeq,PAIRED,T.CS.024
PRJEB28687,SAMEA4970013,ERS2788227,ERX2843702,ERR2836851,Homo sapiens,Illumina MiSeq,PAIRED,T.CS.025
PRJEB28687,SAMEA4970012,ERS2788226,ERX2843703,ERR2836852,Homo sapiens,Illumina MiSeq,PAIRED,T.CS.026
PRJEB28687,SAMEA4970011,ERS2788225,ERX2843704,ERR2836853,Homo sapiens,Illumina MiSeq,PAIRED,T.CS.027
PRJEB28687,SAMEA4970010,ERS2788224,ERX2843705,ERR2836854,Homo sapiens,Illumina MiSeq,PAIRED,T.CS.028
PRJEB28687,SAMEA4970009,ERS2788223,ERX2843706,ERR2836855,Homo sapiens,Illumina MiSeq,PAIRED,T.CS.029
PRJEB28687,SAMEA4970212,ERS2788426,ERX2843707,ERR2836856,Homo sapiens,Illumina MiSeq,PAIRED,T.CS.030
PRJEB28687,SAMEA4970008,ERS2788222,ERX2843708,ERR2836857,Homo sapiens,Illumina MiSeq,PAIRED,T.CS.031
PRJEB28687,SAMEA4970007,ERS2788221,ERX2843709,ERR2836858,Homo sapiens,Illumina MiSeq,PAIRED,T.CS.032
PRJEB28687,SAMEA4970006,ERS2788220,ERX2843710,ERR2836859,Homo sapiens,Illumina MiSeq,PAIRED,T.CS.033
PRJEB28687,SAMEA4970005,ERS2788219,ERX2843711,ERR2836860,Homo sapiens,Illumina MiSeq,PAIRED,T.CS.034
PRJEB28687,SAMEA4970004,ERS2788218,ERX2843712,ERR2836861,Homo sapiens,Illumina MiSeq,PAIRED,T.CS.035
PRJEB28687,SAMEA4970003,ERS2788217,ERX2843713,ERR2836862,Homo sapiens,Illumina MiSeq,PAIRED,T.CS.036
PRJEB28687,SAMEA4970002,ERS2788216,ERX2843714,ERR2836863,Homo sapiens,Illumina MiSeq,PAIRED,T.CS.037
PRJEB28687,SAMEA4970001,ERS2788215,ERX2843715,ERR2836864,Homo sapiens,Illumina MiSeq,PAIRED,T.CS.038
PRJEB28687,SAMEA4970000,ERS2788214,ERX2843716,ERR2836865,Homo sapiens,Illumina MiSeq,PAIRED,T.CS.039
PRJEB28687,SAMEA4969999,ERS2788213,ERX2843717,ERR2836866,Homo sapiens,Illumina MiSeq,PAIRED,T.CS.040
PRJEB28687,SAMEA4969998,ERS2788212,ERX2843718,ERR2836867,Homo sapiens,Illumina MiSeq,PAIRED,T.CS.041
PRJEB28687,SAMEA4970211,ERS2788425,ERX2843719,ERR2836868,Homo sapiens,Illumina MiSeq,PAIRED,T.CS.042
PRJEB28687,SAMEA4970210,ERS2788424,ERX2843720,ERR2836869,Homo sapiens,Illumina MiSeq,PAIRED,T.CS.043
PRJEB28687,SAMEA4969997,ERS2788211,ERX2843721,ERR2836870,Homo sapiens,Illumina MiSeq,PAIRED,T.CS.044
PRJEB28687,SAMEA4970209,ERS2788423,ERX2843722,ERR2836871,Homo sapiens,Illumina MiSeq,PAIRED,T.CS.045
PRJEB28687,SAMEA4969996,ERS2788210,ERX2843723,ERR2836872,Homo sapiens,Illumina MiSeq,PAIRED,T.CS.046
PRJEB28687,SAMEA4970208,ERS2788422,ERX2843724,ERR2836873,Homo sapiens,Illumina MiSeq,PAIRED,T.CS.047
PRJEB28687,SAMEA4969995,ERS2788209,ERX2843725,ERR2836874,Homo sapiens,Illumina MiSeq,PAIRED,T.CS.048
PRJEB28687,SAMEA4970207,ERS2788421,ERX2843726,ERR2836875,Homo sapiens,Illumina MiSeq,PAIRED,T.CS.049
PRJEB28687,SAMEA4969994,ERS2788208,ERX2843727,ERR2836876,Homo sapiens,Illumina MiSeq,PAIRED,T.CS.050
PRJEB28687,SAMEA4970206,ERS2788420,ERX2843728,ERR2836877,Homo sapiens,Illumina MiSeq,PAIRED,T.CS.051
PRJEB28687,SAMEA4969993,ERS2788207,ERX2843729,ERR2836878,Homo sapiens,Illumina MiSeq,PAIRED,T.CS.052
PRJEB28687,SAMEA4969992,ERS2788206,ERX2843730,ERR2836879,Homo sapiens,Illumina MiSeq,PAIRED,T.CS.053
PRJEB28687,SAMEA4969991,ERS2788205,ERX2843731,ERR2836880,Homo sapiens,Illumina MiSeq,PAIRED,T.CS.054
PRJEB28687,SAMEA4969990,ERS2788204,ERX2843732,ERR2836881,Homo sapiens,Illumina MiSeq,PAIRED,T.CS.055
PRJEB28687,SAMEA4969989,ERS2788203,ERX2843733,ERR2836882,Homo sapiens,Illumina MiSeq,PAIRED,T.CS.056
PRJEB28687,SAMEA4969988,ERS2788202,ERX2843734,ERR2836883,Homo sapiens,Illumina MiSeq,PAIRED,T.CS.057
PRJEB28687,SAMEA4969987,ERS2788201,ERX2843735,ERR2836884,Homo sapiens,Illumina MiSeq,PAIRED,T.CS.058
PRJEB28687,SAMEA4969986,ERS2788200,ERX2843736,ERR2836885,Homo sapiens,Illumina MiSeq,PAIRED,T.CS.059
PRJEB28687,SAMEA4969985,ERS2788199,ERX2843737,ERR2836886,Homo sapiens,Illumina MiSeq,PAIRED,T.CS.060
PRJEB28687,SAMEA4970205,ERS2788419,ERX2843738,ERR2836887,Homo sapiens,Illumina MiSeq,PAIRED,T.CS.061
PRJEB28687,SAMEA4969984,ERS2788198,ERX2843739,ERR2836888,Homo sapiens,Illumina MiSeq,PAIRED,T.CS.062
PRJEB28687,SAMEA4969983,ERS2788197,ERX2843740,ERR2836889,Homo sapiens,Illumina MiSeq,PAIRED,T.CS.063
PRJEB28687,SAMEA4969982,ERS2788196,ERX2843741,ERR2836890,Homo sapiens,Illumina MiSeq,PAIRED,T.CS.064
PRJEB28687,SAMEA4970204,ERS2788418,ERX2843742,ERR2836891,Homo sapiens,Illumina MiSeq,PAIRED,T.CS.065
PRJEB28687,SAMEA4969981,ERS2788195,ERX2843743,ERR2836892,Homo sapiens,Illumina MiSeq,PAIRED,T.CS.066
PRJEB28687,SAMEA4970203,ERS2788417,ERX2843744,ERR2836893,Homo sapiens,Illumina MiSeq,PAIRED,T.CS.067
PRJEB28687,SAMEA4969980,ERS2788194,ERX2843745,ERR2836894,Homo sapiens,Illumina MiSeq,PAIRED,T.CS.068
PRJEB28687,SAMEA4970202,ERS2788416,ERX2843746,ERR2836895,Homo sapiens,Illumina MiSeq,PAIRED,T.CS.069
PRJEB28687,SAMEA4970201,ERS2788415,ERX2843747,ERR2836896,Homo sapiens,Illumina MiSeq,PAIRED,T.CS.070
PRJEB28687,SAMEA4970200,ERS2788414,ERX2843748,ERR2836897,Homo sapiens,Illumina MiSeq,PAIRED,T.CS.071
PRJEB28687,SAMEA4969979,ERS2788193,ERX2843749,ERR2836898,Homo sapiens,Illumina MiSeq,PAIRED,T.CS.072
PRJEB28687,SAMEA4970199,ERS2788413,ERX2843750,ERR2836899,Homo sapiens,Illumina MiSeq,PAIRED,T.CS.073
PRJEB28687,SAMEA4969978,ERS2788192,ERX2843751,ERR2836900,Homo sapiens,Illumina MiSeq,PAIRED,T.CS.074
PRJEB28687,SAMEA4969977,ERS2788191,ERX2843752,ERR2836901,Homo sapiens,Illumina MiSeq,PAIRED,T.CS.075
PRJEB28687,SAMEA4969976,ERS2788190,ERX2843753,ERR2836902,Homo sapiens,Illumina MiSeq,PAIRED,T.CS.076
PRJEB28687,SAMEA4969975,ERS2788189,ERX2843754,ERR2836903,Homo sapiens,Illumina MiSeq,PAIRED,T.CS.077
PRJEB28687,SAMEA4969974,ERS2788188,ERX2843755,ERR2836904,Homo sapiens,Illumina MiSeq,PAIRED,T.CS.078
PRJEB28687,SAMEA4969973,ERS2788187,ERX2843756,ERR2836905,Homo sapiens,Illumina MiSeq,PAIRED,T.CS.079
PRJEB28687,SAMEA4969972,ERS2788186,ERX2843757,ERR2836906,Homo sapiens,Illumina MiSeq,PAIRED,T.CS.080
PRJEB28687,SAMEA4970198,ERS2788412,ERX2843758,ERR2836907,Homo sapiens,Illumina MiSeq,PAIRED,T.CS.081
PRJEB28687,SAMEA4969971,ERS2788185,ERX2843759,ERR2836908,Homo sapiens,Illumina MiSeq,PAIRED,T.CS.082
PRJEB28687,SAMEA4970197,ERS2788411,ERX2843760,ERR2836909,Homo sapiens,Illumina MiSeq,PAIRED,T.CS.084
PRJEB28687,SAMEA4969970,ERS2788184,ERX2843761,ERR2836910,Homo sapiens,Illumina MiSeq,PAIRED,T.CS.085
PRJEB28687,SAMEA4969969,ERS2788183,ERX2843762,ERR2836911,Homo sapiens,Illumina MiSeq,PAIRED,T.CS.086
PRJEB28687,SAMEA4970196,ERS2788410,ERX2843763,ERR2836912,Homo sapiens,Illumina MiSeq,PAIRED,T.CS.087
PRJEB28687,SAMEA4970195,ERS2788409,ERX2843764,ERR2836913,Homo sapiens,Illumina MiSeq,PAIRED,T.CS.088
PRJEB28687,SAMEA4970194,ERS2788408,ERX2843765,ERR2836914,Homo sapiens,Illumina MiSeq,PAIRED,T.CS.089
PRJEB28687,SAMEA4970193,ERS2788407,ERX2843766,ERR2836915,Homo sapiens,Illumina MiSeq,PAIRED,T.CS.090
PRJEB28687,SAMEA4969968,ERS2788182,ERX2843767,ERR2836916,Homo sapiens,Illumina MiSeq,PAIRED,T.CS.091
PRJEB28687,SAMEA4970192,ERS2788406,ERX2843768,ERR2836917,Homo sapiens,Illumina MiSeq,PAIRED,T.CS.092
PRJEB28687,SAMEA4970191,ERS2788405,ERX2843769,ERR2836918,Homo sapiens,Illumina MiSeq,PAIRED,T.CS.093
PRJEB28687,SAMEA4970190,ERS2788404,ERX2843770,ERR2836919,Homo sapiens,Illumina MiSeq,PAIRED,T.CS.094
PRJEB28687,SAMEA4970189,ERS2788403,ERX2843771,ERR2836920,Homo sapiens,Illumina MiSeq,PAIRED,T.CS.095
PRJEB28687,SAMEA4970188,ERS2788402,ERX2843772,ERR2836921,Homo sapiens,Illumina MiSeq,PAIRED,T.CS.096
PRJEB28687,SAMEA4970187,ERS2788401,ERX2843773,ERR2836922,Homo sapiens,Illumina MiSeq,PAIRED,T.CS.097
PRJEB28687,SAMEA4970186,ERS2788400,ERX2843774,ERR2836923,Homo sapiens,Illumina MiSeq,PAIRED,T.CS.098
PRJEB28687,SAMEA4970185,ERS2788399,ERX2843775,ERR2836924,Homo sapiens,Illumina MiSeq,PAIRED,T.CS.099
PRJEB28687,SAMEA4970184,ERS2788398,ERX2843776,ERR2836925,Homo sapiens,Illumina MiSeq,PAIRED,T.CS.100
PRJEB28687,SAMEA4969967,ERS2788181,ERX2843777,ERR2836926,Homo sapiens,Illumina MiSeq,PAIRED,T.CS.101
PRJEB28687,SAMEA4969966,ERS2788180,ERX2843778,ERR2836927,Homo sapiens,Illumina MiSeq,PAIRED,T.CS.102
PRJEB28687,SAMEA4969965,ERS2788179,ERX2843779,ERR2836928,Homo sapiens,Illumina MiSeq,PAIRED,T.CS.103
PRJEB28687,SAMEA4969964,ERS2788178,ERX2843780,ERR2836929,Homo sapiens,Illumina MiSeq,PAIRED,T.CS.104
PRJEB28687,SAMEA4969963,ERS2788177,ERX2843781,ERR2836930,Homo sapiens,Illumina MiSeq,PAIRED,T.CS.105
PRJEB28687,SAMEA4969962,ERS2788176,ERX2843782,ERR2836931,Homo sapiens,Illumina MiSeq,PAIRED,T.CS.106
PRJEB28687,SAMEA4969961,ERS2788175,ERX2843783,ERR2836932,Homo sapiens,Illumina MiSeq,PAIRED,T.CS.107
PRJEB28687,SAMEA4969960,ERS2788174,ERX2843784,ERR2836933,Homo sapiens,Illumina MiSeq,PAIRED,T.CS.108
PRJEB28687,SAMEA4969959,ERS2788173,ERX2843785,ERR2836934,Homo sapiens,Illumina MiSeq,PAIRED,T.CS.109
PRJEB28687,SAMEA4969958,ERS2788172,ERX2843786,ERR2836935,Homo sapiens,Illumina MiSeq,PAIRED,T.CS.110
PRJEB28687,SAMEA4969957,ERS2788171,ERX2843787,ERR2836936,Homo sapiens,Illumina MiSeq,PAIRED,T.CS.111
PRJEB28687,SAMEA4969956,ERS2788170,ERX2843788,ERR2836937,Homo sapiens,Illumina MiSeq,PAIRED,T.CS.112
PRJEB28687,SAMEA4969955,ERS2788169,ERX2843789,ERR2836938,Homo sapiens,Illumina MiSeq,PAIRED,T.CS.114
PRJEB28687,SAMEA4969954,ERS2788168,ERX2843790,ERR2836939,Homo sapiens,Illumina MiSeq,PAIRED,T.CS.115
PRJEB28687,SAMEA4969953,ERS2788167,ERX2843791,ERR2836940,Homo sapiens,Illumina MiSeq,PAIRED,T.CS.116
PRJEB28687,SAMEA4969952,ERS2788166,ERX2843792,ERR2836941,Homo sapiens,Illumina MiSeq,PAIRED,T.CS.117
PRJEB28687,SAMEA4969951,ERS2788165,ERX2843793,ERR2836942,Homo sapiens,Illumina MiSeq,PAIRED,T.CS.118
PRJEB28687,SAMEA4969950,ERS2788164,ERX2843794,ERR2836943,Homo sapiens,Illumina MiSeq,PAIRED,T.CS.119
PRJEB28687,SAMEA4969949,ERS2788163,ERX2843795,ERR2836944,Homo sapiens,Illumina MiSeq,PAIRED,T.CS.120
PRJEB28687,SAMEA4969948,ERS2788162,ERX2843796,ERR2836945,Homo sapiens,Illumina MiSeq,PAIRED,T.CS.121
PRJEB28687,SAMEA4969947,ERS2788161,ERX2843797,ERR2836946,Homo sapiens,Illumina MiSeq,PAIRED,T.CS.122
PRJEB28687,SAMEA4969946,ERS2788160,ERX2843798,ERR2836947,Homo sapiens,Illumina MiSeq,PAIRED,T.CS.123
PRJEB28687,SAMEA4969945,ERS2788159,ERX2843799,ERR2836948,Homo sapiens,Illumina MiSeq,PAIRED,T.CS.124
PRJEB28687,SAMEA4969944,ERS2788158,ERX2843800,ERR2836949,Homo sapiens,Illumina MiSeq,PAIRED,T.CS.125
PRJEB28687,SAMEA4969943,ERS2788157,ERX2843801,ERR2836950,Homo sapiens,Illumina MiSeq,PAIRED,T.CS.126
PRJEB28687,SAMEA4969942,ERS2788156,ERX2843802,ERR2836951,Homo sapiens,Illumina MiSeq,PAIRED,T.CS.127
PRJEB28687,SAMEA4969941,ERS2788155,ERX2843803,ERR2836952,Homo sapiens,Illumina MiSeq,PAIRED,T.CS.128
PRJEB28687,SAMEA4969940,ERS2788154,ERX2843804,ERR2836953,Homo sapiens,Illumina MiSeq,PAIRED,T.CS.129
PRJEB28687,SAMEA4969939,ERS2788153,ERX2843805,ERR2836954,Homo sapiens,Illumina MiSeq,PAIRED,T.CS.130
PRJEB28687,SAMEA4969938,ERS2788152,ERX2843806,ERR2836955,Homo sapiens,Illumina MiSeq,PAIRED,T.CS.131
PRJEB28687,SAMEA4969937,ERS2788151,ERX2843807,ERR2836956,Homo sapiens,Illumina MiSeq,PAIRED,T.CS.132
PRJEB28687,SAMEA4970183,ERS2788397,ERX2843808,ERR2836957,Homo sapiens,Illumina MiSeq,PAIRED,T.CS.133
PRJEB28687,SAMEA4970182,ERS2788396,ERX2843809,ERR2836958,Homo sapiens,Illumina MiSeq,PAIRED,T.CS.134
PRJEB28687,SAMEA4970181,ERS2788395,ERX2843810,ERR2836959,Homo sapiens,Illumina MiSeq,PAIRED,T.CS.135
PRJEB28687,SAMEA4970180,ERS2788394,ERX2843811,ERR2836960,Homo sapiens,Illumina MiSeq,PAIRED,T.CS.136
PRJEB28687,SAMEA4970179,ERS2788393,ERX2843812,ERR2836961,Homo sapiens,Illumina MiSeq,PAIRED,T.CS.137
PRJEB28687,SAMEA4970178,ERS2788392,ERX2843813,ERR2836962,Homo sapiens,Illumina MiSeq,PAIRED,T.CS.138
PRJEB28687,SAMEA4970177,ERS2788391,ERX2843814,ERR2836963,Homo sapiens,Illumina MiSeq,PAIRED,T.CS.139
PRJEB28687,SAMEA4970176,ERS2788390,ERX2843815,ERR2836964,Homo sapiens,Illumina MiSeq,PAIRED,T.CS.140
PRJEB28687,SAMEA4970175,ERS2788389,ERX2843816,ERR2836965,Homo sapiens,Illumina MiSeq,PAIRED,T.CS.141
PRJEB28687,SAMEA4970174,ERS2788388,ERX2843817,ERR2836966,Homo sapiens,Illumina MiSeq,PAIRED,T.CS.142
PRJEB28687,SAMEA4970173,ERS2788387,ERX2843818,ERR2836967,Homo sapiens,Illumina MiSeq,PAIRED,T.CS.143
PRJEB28687,SAMEA4970172,ERS2788386,ERX2843819,ERR2836968,Homo sapiens,Illumina MiSeq,PAIRED,T.CS.144
PRJEB28687,SAMEA4970123,ERS2788337,ERX2843820,ERR2836969,Homo sapiens,Illumina MiSeq,PAIRED,T.CS.145
PRJEB28687,SAMEA4970171,ERS2788385,ERX2843821,ERR2836970,Homo sapiens,Illumina MiSeq,PAIRED,T.CS.146
PRJEB28687,SAMEA4970170,ERS2788384,ERX2843822,ERR2836971,Homo sapiens,Illumina MiSeq,PAIRED,T.CS.147
PRJEB28687,SAMEA4970169,ERS2788383,ERX2843823,ERR2836972,Homo sapiens,Illumina MiSeq,PAIRED,T.CS.148
PRJEB28687,SAMEA4970168,ERS2788382,ERX2843824,ERR2836973,Homo sapiens,Illumina MiSeq,PAIRED,T.CS.149
PRJEB28687,SAMEA4970167,ERS2788381,ERX2843825,ERR2836974,Homo sapiens,Illumina MiSeq,PAIRED,T.CS.150
PRJEB28687,SAMEA4970166,ERS2788380,ERX2843826,ERR2836975,Homo sapiens,Illumina MiSeq,PAIRED,T.CS.151
PRJEB28687,SAMEA4969936,ERS2788150,ERX2843827,ERR2836976,Homo sapiens,Illumina MiSeq,PAIRED,T.CS.152
PRJEB28687,SAMEA4969935,ERS2788149,ERX2843828,ERR2836977,Homo sapiens,Illumina MiSeq,PAIRED,T.CS.153
PRJEB28687,SAMEA4969934,ERS2788148,ERX2843829,ERR2836978,Homo sapiens,Illumina MiSeq,PAIRED,T.CS.154
PRJEB28687,SAMEA4969933,ERS2788147,ERX2843830,ERR2836979,Homo sapiens,Illumina MiSeq,PAIRED,T.CS.155
PRJEB28687,SAMEA4969932,ERS2788146,ERX2843831,ERR2836980,Homo sapiens,Illumina MiSeq,PAIRED,T.CS.156
PRJEB28687,SAMEA4969931,ERS2788145,ERX2843832,ERR2836981,Homo sapiens,Illumina MiSeq,PAIRED,T.CS.157
PRJEB28687,SAMEA4969930,ERS2788144,ERX2843833,ERR2836982,Homo sapiens,Illumina MiSeq,PAIRED,T.CS.158
PRJEB28687,SAMEA4969929,ERS2788143,ERX2843834,ERR2836983,Homo sapiens,Illumina MiSeq,PAIRED,T.CS.159
PRJEB28687,SAMEA4969928,ERS2788142,ERX2843835,ERR2836984,Homo sapiens,Illumina MiSeq,PAIRED,T.CS.160
PRJEB28687,SAMEA4969927,ERS2788141,ERX2843836,ERR2836985,Homo sapiens,Illumina MiSeq,PAIRED,T.CS.161
PRJEB28687,SAMEA4969926,ERS2788140,ERX2843837,ERR2836986,Homo sapiens,Illumina MiSeq,PAIRED,T.CS.162
PRJEB28687,SAMEA4969925,ERS2788139,ERX2843838,ERR2836987,Homo sapiens,Illumina MiSeq,PAIRED,T.CS.163
PRJEB28687,SAMEA4969924,ERS2788138,ERX2843839,ERR2836988,Homo sapiens,Illumina MiSeq,PAIRED,T.CS.164
PRJEB28687,SAMEA4969923,ERS2788137,ERX2843840,ERR2836989,Homo sapiens,Illumina MiSeq,PAIRED,T.CS.165
PRJEB28687,SAMEA4969922,ERS2788136,ERX2843841,ERR2836990,Homo sapiens,Illumina MiSeq,PAIRED,T.CS.166
PRJEB28687,SAMEA4969921,ERS2788135,ERX2843842,ERR2836991,Homo sapiens,Illumina MiSeq,PAIRED,T.CS.167
PRJEB28687,SAMEA4969920,ERS2788134,ERX2843843,ERR2836992,Homo sapiens,Illumina MiSeq,PAIRED,T.CS.168
PRJEB28687,SAMEA4969919,ERS2788133,ERX2843844,ERR2836993,Homo sapiens,Illumina MiSeq,PAIRED,T.CS.169
PRJEB28687,SAMEA4969917,ERS2788132,ERX2843845,ERR2836994,Homo sapiens,Illumina MiSeq,PAIRED,T.CS.170
PRJEB28687,SAMEA4969916,ERS2788131,ERX2843846,ERR2836995,Homo sapiens,Illumina MiSeq,PAIRED,T.CS.171
PRJEB28687,SAMEA4969915,ERS2788130,ERX2843847,ERR2836996,Homo sapiens,Illumina MiSeq,PAIRED,T.CS.177
PRJEB28687,SAMEA4969914,ERS2788129,ERX2843848,ERR2836997,Homo sapiens,Illumina MiSeq,PAIRED,T.CS.178
PRJEB28687,SAMEA4969913,ERS2788128,ERX2843849,ERR2836998,Homo sapiens,Illumina MiSeq,PAIRED,T.CS.179
PRJEB28687,SAMEA4969912,ERS2788127,ERX2843850,ERR2836999,Homo sapiens,Illumina MiSeq,PAIRED,T.CS.180
PRJEB28687,SAMEA4969911,ERS2788126,ERX2843851,ERR2837000,Homo sapiens,Illumina MiSeq,PAIRED,TFS.004
PRJEB28687,SAMEA4969910,ERS2788125,ERX2843852,ERR2837001,Homo sapiens,Illumina MiSeq,PAIRED,TFS.005
PRJEB28687,SAMEA4969909,ERS2788124,ERX2843853,ERR2837002,Homo sapiens,Illumina MiSeq,PAIRED,TFS.006
PRJEB28687,SAMEA4969908,ERS2788123,ERX2843854,ERR2837003,Homo sapiens,Illumina MiSeq,PAIRED,TFS.020
PRJEB28687,SAMEA4969907,ERS2788122,ERX2843855,ERR2837004,Homo sapiens,Illumina MiSeq,PAIRED,TFS.021
PRJEB28687,SAMEA4969906,ERS2788121,ERX2843856,ERR2837005,Homo sapiens,Illumina MiSeq,PAIRED,TFS.022
PRJEB28687,SAMEA4969905,ERS2788120,ERX2843857,ERR2837006,Homo sapiens,Illumina MiSeq,PAIRED,TFS.023
PRJEB28687,SAMEA4969904,ERS2788119,ERX2843858,ERR2837007,Homo sapiens,Illumina MiSeq,PAIRED,TFS.024
PRJEB28687,SAMEA4969903,ERS2788118,ERX2843859,ERR2837008,Homo sapiens,Illumina MiSeq,PAIRED,TFS.025
PRJEB28687,SAMEA4969902,ERS2788117,ERX2843860,ERR2837009,Homo sapiens,Illumina MiSeq,PAIRED,TFS.026
PRJEB28687,SAMEA4969901,ERS2788116,ERX2843861,ERR2837010,Homo sapiens,Illumina MiSeq,PAIRED,TFS.027
PRJEB28687,SAMEA4969900,ERS2788115,ERX2843862,ERR2837011,Homo sapiens,Illumina MiSeq,PAIRED,TFS.028
PRJEB28687,SAMEA4969899,ERS2788114,ERX2843863,ERR2837012,Homo sapiens,Illumina MiSeq,PAIRED,TFS.029
PRJEB28687,SAMEA4973145,ERS2791355,ERX2847729,ERR2840888,Homo sapiens,Illumina HiSeq 2500,PAIRED,wgs.CS_079
PRJEB28687,SAMEA4973146,ERS2791356,ERX2847730,ERR2840889,Homo sapiens,Illumina HiSeq 2500,PAIRED,wgs.CS_145
PRJEB28687,SAMEA4973147,ERS2791357,ERX2847731,ERR2840890,Homo sapiens,Illumina HiSeq 2500,PAIRED,wgs.CS_146
PRJEB28687,SAMEA4973148,ERS2791358,ERX2847732,ERR2840891,Homo sapiens,Illumina HiSeq 2500,PAIRED,wgs.CS_165
PRJEB28687,SAMEA4973149,ERS2791359,ERX2847733,ERR2840892,Homo sapiens,Illumina HiSeq 2500,PAIRED,wgs.CS_166
PRJEB28687,SAMEA4973150,ERS2791360,ERX2847734,ERR2840893,Homo sapiens,Illumina HiSeq 2500,PAIRED,wgs.CS_177
PRJEB28687,SAMEA4973151,ERS2791361,ERX2847735,ERR2840894,Homo sapiens,Illumina HiSeq 2500,PAIRED,wgs.CS_178
PRJEB28687,SAMEA4973152,ERS2791362,ERX2847736,ERR2840895,Homo sapiens,Illumina HiSeq 2500,PAIRED,wgs.CS_181
PRJEB28687,SAMEA4973153,ERS2791363,ERX2847737,ERR2840896,Homo sapiens,Illumina HiSeq 2500,PAIRED,wgs.CS_222
PRJEB28687,SAMEA4973154,ERS2791364,ERX2847738,ERR2840897,Homo sapiens,Illumina HiSeq 2500,PAIRED,wgs.CS_248
PRJEB28687,SAMEA4973155,ERS2791365,ERX2847739,ERR2840898,Homo sapiens,Illumina HiSeq 2500,PAIRED,wgs.CS_249
PRJEB28687,SAMEA4973156,ERS2791366,ERX2847740,ERR2840899,Homo sapiens,Illumina HiSeq 2500,PAIRED,wgs.CS_255
PRJEB28687,SAMEA4973157,ERS2791367,ERX2847741,ERR2840900,Homo sapiens,Illumina HiSeq 2500,PAIRED,wgs.CS_256
PRJEB28687,SAMEA4973158,ERS2791368,ERX2847742,ERR2840901,Homo sapiens,Illumina HiSeq 2500,PAIRED,wgs.CS_262
PRJEB28687,SAMEA4973159,ERS2791369,ERX2847743,ERR2840902,Homo sapiens,Illumina HiSeq 2500,PAIRED,wgs.CS_268
PRJEB28687,SAMEA4973160,ERS2791370,ERX2847744,ERR2840903,Homo sapiens,Illumina HiSeq 2500,PAIRED,wgs.CS_275
PRJEB28687,SAMEA4973161,ERS2791371,ERX2847745,ERR2840904,Homo sapiens,Illumina HiSeq 2500,PAIRED,wgs.CS_290
PRJEB28687,SAMEA4973162,ERS2791372,ERX2847746,ERR2840905,Homo sapiens,Illumina HiSeq 2500,PAIRED,wgs.CS_308_0
PRJEB28687,SAMEA4973163,ERS2791373,ERX2847747,ERR2840906,Homo sapiens,Illumina HiSeq 2500,PAIRED,wgs.CS_311
PRJEB28687,SAMEA4973164,ERS2791374,ERX2847748,ERR2840907,Homo sapiens,Illumina HiSeq 2500,PAIRED,wgs.CS_312
PRJEB28687,SAMEA4973165,ERS2791375,ERX2847749,ERR2840908,Homo sapiens,Illumina HiSeq 2500,PAIRED,wgs.CS_325
PRJEB28687,SAMEA4973166,ERS2791376,ERX2847750,ERR2840909,Homo sapiens,Illumina HiSeq 2500,PAIRED,wgs.CS_326
PRJEB28687,SAMEA4973167,ERS2791377,ERX2847751,ERR2840910,Homo sapiens,Illumina HiSeq 2500,PAIRED,wgs.CS_335
PRJEB28687,SAMEA4973168,ERS2791378,ERX2847752,ERR2840911,Homo sapiens,Illumina HiSeq 2500,PAIRED,wgs.CS_358
PRJEB28687,SAMEA4973169,ERS2791379,ERX2847753,ERR2840912,Homo sapiens,Illumina HiSeq 2500,PAIRED,wgs.CS_360
PRJEB28687,SAMEA4973170,ERS2791380,ERX2847754,ERR2840913,Homo sapiens,Illumina HiSeq 2500,PAIRED,wgs.CS_369
PRJEB28687,SAMEA4973171,ERS2791381,ERX2847755,ERR2840914,Homo sapiens,Illumina HiSeq 2500,PAIRED,wgs.CS_370
PRJEB28687,SAMEA4973172,ERS2791382,ERX2847756,ERR2840915,Homo sapiens,Illumina HiSeq 2500,PAIRED,wgs.CS_391
PRJEB28687,SAMEA4973173,ERS2791383,ERX2847757,ERR2840916,Homo sapiens,Illumina HiSeq 2500,PAIRED,wgs.CS_393
PRJEB28687,SAMEA4973174,ERS2791384,ERX2847758,ERR2840917,Homo sapiens,Illumina HiSeq 2500,PAIRED,wgs.L_002_M1
PRJEB28687,SAMEA4973175,ERS2791385,ERX2847759,ERR2840918,Homo sapiens,Illumina HiSeq 2500,PAIRED,wgs.L_002_M6_0
PRJEB28687,SAMEA4973176,ERS2791386,ERX2847760,ERR2840919,Homo sapiens,Illumina HiSeq 2500,PAIRED,wgs.L_003_M1
PRJEB28687,SAMEA4973177,ERS2791387,ERX2847761,ERR2840920,Homo sapiens,Illumina HiSeq 2500,PAIRED,wgs.L_003_M6
PRJEB28687,SAMEA4973178,ERS2791388,ERX2847762,ERR2840921,Homo sapiens,Illumina HiSeq 2500,PAIRED,wgs.L_022_M1
PRJEB28687,SAMEA4973179,ERS2791389,ERX2847763,ERR2840922,Homo sapiens,Illumina HiSeq 2500,PAIRED,wgs.L_022_M6
PRJEB28687,SAMEA4973180,ERS2791390,ERX2847764,ERR2840923,Homo sapiens,Illumina HiSeq 2500,PAIRED,wgs.L_024_M1
PRJEB28687,SAMEA4973181,ERS2791391,ERX2847765,ERR2840924,Homo sapiens,Illumina HiSeq 2500,PAIRED,wgs.L_024_M6
PRJEB28687,SAMEA4973182,ERS2791392,ERX2847766,ERR2840925,Homo sapiens,Illumina HiSeq 2500,PAIRED,wgs.L_031_M1
PRJEB28687,SAMEA4973183,ERS2791393,ERX2847767,ERR2840926,Homo sapiens,Illumina HiSeq 2500,PAIRED,wgs.L_031_M6
PRJEB28687,SAMEA4973184,ERS2791394,ERX2847768,ERR2840927,Homo sapiens,Illumina HiSeq 2500,PAIRED,wgs.L_034_M6
PRJEB28687,SAMEA4973185,ERS2791395,ERX2847769,ERR2840928,Homo sapiens,Illumina HiSeq 2500,PAIRED,wgs.T_CS_008
PRJEB28687,SAMEA4973186,ERS2791396,ERX2847770,ERR2840929,Homo sapiens,Illumina HiSeq 2500,PAIRED,wgs.T_CS_018
PRJEB28687,SAMEA4973187,ERS2791397,ERX2847771,ERR2840930,Homo sapiens,Illumina HiSeq 2500,PAIRED,wgs.T_CS_030
PRJEB28687,SAMEA4973188,ERS2791398,ERX2847772,ERR2840931,Homo sapiens,Illumina HiSeq 2500,PAIRED,wgs.T_CS_042
PRJEB28687,SAMEA4973189,ERS2791399,ERX2847773,ERR2840932,Homo sapiens,Illumina HiSeq 2500,PAIRED,wgs.T_CS_051
PRJEB28687,SAMEA4973190,ERS2791400,ERX2847774,ERR2840933,Homo sapiens,Illumina HiSeq 2500,PAIRED,wgs.T_CS_061
PRJEB28687,SAMEA4973191,ERS2791401,ERX2847775,ERR2840934,Homo sapiens,Illumina HiSeq 2500,PAIRED,wgs.T_CS_065
PRJEB28687,SAMEA4973192,ERS2791402,ERX2847776,ERR2840935,Homo sapiens,Illumina HiSeq 2500,PAIRED,wgs.T_CS_069
PRJEB28687,SAMEA4973193,ERS2791403,ERX2847777,ERR2840936,Homo sapiens,Illumina HiSeq 2500,PAIRED,wgs.T_CS_070
PRJEB28687,SAMEA4973194,ERS2791404,ERX2847778,ERR2840937,Homo sapiens,Illumina HiSeq 2500,PAIRED,wgs.T_CS_071
PRJEB28687,SAMEA4973195,ERS2791405,ERX2847779,ERR2840938,Homo sapiens,Illumina HiSeq 2500,PAIRED,wgs.T_CS_073
PRJEB28687,SAMEA4973196,ERS2791406,ERX2847780,ERR2840939,Homo sapiens,Illumina HiSeq 2500,PAIRED,wgs.T_CS_081
PRJEB28687,SAMEA4973197,ERS2791407,ERX2847781,ERR2840940,Homo sapiens,Illumina HiSeq 2500,PAIRED,wgs.T_CS_084
PRJEB28687,SAMEA4973198,ERS2791408,ERX2847782,ERR2840941,Homo sapiens,Illumina HiSeq 2500,PAIRED,wgs.T_CS_087
PRJEB28687,SAMEA4973199,ERS2791409,ERX2847783,ERR2840942,Homo sapiens,Illumina HiSeq 2500,PAIRED,wgs.T_CS_089